22.430794738060772,21.979546940743273,25.604438177027593,1024.224826739693,17.84888558105129,14
12.813581984509424,11.794395155662826,49.22137987275237,990.4263770149594,16.307980038838775,8
8.871291222809848,11.30887550468681,76.86221328998832,1002.7525852404069,20.878154083580103,19
17.864094438261173,18.767795386292754,54.508789732066234,997.3181751554247,19.045327421896594,8
33.97228394442707,34.74900580974863,38.597989540638444,1009.460586172631,10.812084396816497,16
20.406369014863316,20.259573075890742,45.675882445238784,993.0600085636956,1.7486002534657819,10
14.124183771679443,13.797567337807358,64.87602725075116,986.9763390279835,0.7960436137024463,11
22.441304810066157,21.888650937170667,62.99181952232249,1007.5665274846151,24.637983922571635,4
8.719056315774905,10.688417996736638,77.75944129629933,1028.6021047088311,5.7513591936724255,22
13.886119925379004,14.796683117968573,57.3436146121348,999.2520618920206,10.074993976340055,3
25.97964925580057,25.5165119956146,46.141121380180486,994.7968483835771,11.618093906250934,4
33.15588671936612,32.30116387942783,30.62200390671367,989.6869466512405,20.747950774673967,12
23.94006798747715,20.903163228382915,25.894910782396884,983.8363685964102,10.204827045435449,5
10.381550240788437,10.452754595521013,55.201286404590945,988.6686578378755,3.9295617902093376,3
19.479687063721393,20.819171989981566,78.92660963201732,1023.3436791399589,6.745940120446941,22
17.84701461412212,18.56612866306304,66.1408881220094,1024.4572480997892,15.395887886610804,23
10.184892470688352,10.446848368335345,52.24709541584952,982.2775077982676,21.888916358740158,18
23.497771041635936,20.621271071702175,23.449155750794002,993.0417581401988,22.223806392266003,0
19.908925152076172,20.40384995449404,53.39768723857483,1020.7025963210715,5.456176369528845,8
33.98549912530082,33.61830055728526,37.04269308467321,1015.9220737367771,18.919495174463435,22
15.982426971940358,16.71693398462365,74.37749570681967,1021.7236871731315,3.864303786869189,4
18.26221394878234,16.606906578965983,29.70567703793126,1005.9157557601261,23.359363509562534,0
28.73416763013663,31.93652156575951,89.23877233761134,1006.4402609078384,8.523397007854891,18
16.05224771517516,15.286200174913617,42.87172233980435,1003.7598859728474,22.433474139219218,15
12.356373248574839,12.434172344780528,73.26240310728681,1029.0770696522156,2.5079874798319857,2
24.17254811724162,23.40240915860301,23.581585451183315,981.3173666096959,17.21023341139269,17
12.728299757658059,13.148879909483956,37.737867529156084,1028.2072897932778,1.6642986825608774,21
14.065189961053637,12.901816012672906,41.22538486909754,1014.6996054194638,17.47982994953441,4
29.749414076454915,29.387632417974984,58.77592136982463,1019.4689816730962,2.400275302841284,11
11.82784868488116,11.136159508536446,35.761271695115234,980.4979870602151,21.338755698957918,16
29.491289711172087,30.99505714089043,86.75925385441955,995.487928162931,18.498281286760204,13
29.25256005470135,29.41032401854992,60.81740300959286,1007.2681426066821,20.214654235727448,22
18.036450210578984,18.80817635631348,40.58277970279993,991.5187411183013,19.36691920933635,17
19.322350576720282,18.898944336766014,49.947641964677494,1013.7895481813993,9.027264474882319,4
30.275276615480827,30.03842779707474,51.47083470441836,1005.3947104765639,15.84632252208856,13
31.883160370961896,33.15956516825217,77.44035075336949,1001.6321240302018,23.530540877382265,23
19.77134347912128,18.205827641958486,52.92268335560445,981.069442333754,4.657672954356848,13
15.27037295281306,14.428838080565638,26.995231393808677,1015.9634252974307,24.32337031259256,10
32.72769332722268,34.18177975925744,70.08541682347901,1001.582588129698,18.455472638508557,5
18.79179243471005,19.89926181656137,82.2824293206766,1012.9699539952686,0.8952323604432683,6
26.505921395621925,26.541681490729726,65.87682396244173,1026.9612068085603,6.982187394854142,8
23.979378514869385,23.13675768389733,52.74944283044301,998.5613823878715,0.8183585151054662,8
11.765343054271355,11.161260317999943,28.49120986038739,1013.6117074900303,9.157578631558474,0
24.492974255999833,23.56740207895621,22.569906043814665,1012.6914981913839,17.297750665489048,0
22.826242725077517,24.514708756951087,62.30130938750352,1012.5439418747889,23.535641795446992,14
23.32123634363404,22.85238606378149,64.66022646513737,1026.0922749773893,20.516204501234554,9
27.825996542614327,28.32500268056558,48.798765223232586,1020.1496008933576,14.293432779008056,1
35.61105579713156,33.809668809968116,33.92417696160573,989.2267525368322,14.72062233120733,10
12.229861398778544,10.547833219375224,28.865911099303574,1009.6552977556082,18.293499339640128,12
26.02038671655858,26.433837054253214,64.95947144549805,1019.6883403514877,22.855784408604062,0
17.79682109311486,17.923565544182036,80.21734676842252,1024.2614492105586,4.318884849768068,1
29.575069857445463,26.14312608377634,23.33082347822787,1012.7974355419196,17.15590070289545,10
33.474417720399146,34.160434646660185,50.60036735315243,1019.086113299398,3.9176086948987026,8
29.746153482192494,29.688727146469482,78.25137176103829,1027.1581563926675,11.78840968945612,9
16.148263085732502,16.675706754235534,74.82120203195319,981.0108760073899,11.967542047258753,10
12.883413907709404,13.870715314942997,45.88164676108821,1021.9685431768945,1.412865609701558,21
30.75723961462934,33.19380707988032,83.41381698642533,998.1089378779074,0.43250306852424536,23
11.13468547283516,11.019378538869098,34.247441172082745,1004.9075360125574,14.548591037644576,23
22.090771562879645,19.515582336914502,44.19389259253113,996.8352834448767,14.684589881716178,4
21.376745179587942,20.12756736318916,45.70187379865158,1028.3659586115295,23.17959422198369,8
28.635789023105037,29.72462899801983,48.19498738325465,1015.7343724717477,11.998912336582817,17
32.98102926666004,31.054134416259526,20.567573782034927,1006.3344679463175,14.888767530812144,23
22.88634711323192,21.293486899536095,31.8340424393594,1027.4899676731002,0.9487621565220372,1
17.019574008668727,19.33644862831763,80.27061749156096,995.2901291224739,1.4657175105645988,11
18.219987347165112,19.159046082342293,70.34716404030823,980.4111565694445,19.328466822131936,22
12.293852934730825,14.173827218679968,88.8518109817142,1006.8961515633943,15.9900437128279,16
30.29828439519959,32.22819809850025,77.51043842325866,1021.6427904308961,15.324646551592211,18
16.77138441763959,17.618777384653335,62.815897295220985,1002.1435253052945,9.545977414028167,13
30.518190400703492,29.319285491626978,32.333608431497325,1022.183418770972,15.451270208384308,10
16.46222207376146,15.490873214864225,29.6792869374466,1025.775836435835,6.726276377012141,19
18.330108984467397,19.198518782552114,76.13397669852885,1003.8938652826529,1.55560431630605,10
18.942086447319983,17.774558042891556,33.647079004904136,981.603175854727,6.123476142341408,8
18.542134210045695,19.82744311666901,81.90403995799012,1019.5203737941494,8.721552419256827,1
29.6343669016721,29.249838827465272,52.74044311798056,1023.7051898033105,22.50940055868998,6
25.793904241497223,23.547523684458955,32.067045347361635,986.8949410865167,0.008253981486910922,9
12.824718676375026,14.685298602439556,66.83374607218636,985.129228016551,20.035759555216124,22
21.147925943290733,24.890968515196107,87.78288720694785,994.360628556368,23.57907631151098,23
32.214060740123905,32.697469844490485,28.613648651322745,982.9023168509252,23.58568415625708,11
33.66741295361119,33.936200475952404,58.333127045762296,980.0601806954509,22.59940429691443,15
18.043411735722824,17.84695191287568,37.60011065312244,992.4449192596596,7.373153346132816,12
10.394377859764292,11.661583144406803,68.73550052848907,996.9514274871955,17.311137031038673,15
18.276865655013992,17.229686157398746,30.706023053279832,982.2965016114545,2.689467567846568,13
15.872459983533144,17.88098586623627,67.329925202102,997.3583419837146,24.967356325761084,16
24.080773571803977,26.737173879954753,70.99457536932081,1019.2891075196877,8.396357896520804,15
10.657018614734778,11.41464140366789,36.105914430023255,1007.4469339259338,17.2743537787891,19
12.710023271961173,11.42717140223287,47.72381342048267,984.9384525699376,19.466866622353894,5
27.61253808074163,28.598657314316924,32.23468994124537,991.3435258165747,1.600002068809672,17
12.802323554791933,13.189507569889095,29.08999093925167,1026.727903627164,6.297706634185538,1
29.02377392971026,29.57903577309243,65.17419362754255,989.3341962957159,5.074235354104584,18
13.684284150075966,11.71126131415042,23.14167115309026,987.3187969334078,17.141915908342355,4
19.550260248882154,18.91490439965514,54.72528349503718,988.4760080164731,6.725838719397773,3
17.09763431372334,15.589895962986317,79.1404859787356,1019.9247981801957,18.520441448302883,21
29.62553142046279,29.04049038321794,72.95157615922383,991.589513880829,15.011821581256852,8
16.02832113625982,15.003756106120253,81.68754771773229,980.5599652627852,8.141119423747318,8
11.063440121783307,11.94336592412462,82.23004275702661,1009.5058211172235,0.661362637010604,11
31.188066246186125,27.96795283155506,20.654146744037092,1024.5525308465267,10.338513068587218,12
16.41474470176641,16.633153438886673,45.446012015848666,994.1312802975747,16.110762337865463,17
21.458847505983794,22.508986155389014,64.99833735710166,980.961585172838,5.634060633008095,0
26.686441906355714,27.075169335408923,74.72458781501084,1003.2392102968751,12.188189260124997,18
13.958137883884325,12.896726488128243,50.040464437082534,1028.9247232335895,9.823610984333996,3
33.433550255518455,32.10516158371019,20.594690502504665,1013.9564415667431,24.092179148916276,2
31.840914744400322,30.43624271227979,29.122259166390364,981.0581906991019,8.71366629008444,15
10.368182525435312,10.315187999393975,52.26081146887564,993.6265584520104,5.574436869692034,0
14.996040905181765,16.016762868928826,70.06657974378432,997.0158702149096,22.120742378641793,20
18.502981217940725,19.3717644880926,55.414806010247574,998.4441260777944,15.963126154791615,14
34.84128332982659,34.09049942723132,51.98216502160868,1029.2082479741607,19.980677657288172,14
32.070276156047655,30.873255919982476,43.164033604613664,998.5759787621787,8.17196974413299,12
25.55450108573639,26.258142158673422,72.13255121409456,1008.2908996429734,24.257343318718807,21
30.89910408612431,30.25402724899256,25.232213254542085,1004.8014947126773,18.44870020708301,3
10.880092954586354,11.804960224479396,52.249851994379284,1022.9591099705555,13.57531275035864,6
32.230626393148256,31.10426122422993,43.035164562250955,989.5938356551178,5.967222035782441,4
32.51457416917827,33.56829435337814,49.32530845887622,1027.6401924124586,7.033464651140919,19
11.069705115473448,11.425672850090484,60.81130532108954,981.1903021629172,23.75960735947794,0
26.936511579261282,28.690234504406277,78.26737291913355,991.4493592650156,22.944890652766993,23
16.46781206018285,17.73431794656955,69.2006510835071,1009.3683389728743,0.7442976851782995,6
23.674548643370986,24.271935420986907,69.99072024745217,989.9200364622858,13.670050647862805,2
19.628953823889496,20.44402448187749,81.56238854583246,1028.697029178663,20.010251583127587,23
16.682323767953548,17.178448952114387,44.97062185162344,1010.8239679270622,21.536198035108704,9
31.237486816240295,33.511464608822855,88.53222885541672,1007.3049404001646,24.849943335341777,20
35.97264321715009,32.83217368940592,22.95403280069089,1022.7462828255535,18.016908977312955,4
33.28456573205581,34.28487735104099,66.48085596473216,1026.648127428354,14.70231978784893,12
19.93810515821088,20.048272840231053,54.321874258687984,1026.857248340756,24.918160026443328,12
33.42631152609527,32.730053405162174,61.722111266486074,1002.3360777994936,19.387393790901953,22
29.417597657496447,29.496888646440595,39.7935819942069,991.7097212808407,13.573748448702819,0
15.700065029039502,16.359789521046174,59.92187554785527,1004.39067409038,9.49135039671683,20
28.007042552383822,30.060044611283107,85.29453872814142,1029.5700931524805,15.893419456381727,10
24.967501303562095,27.592149436519893,86.22529326481819,983.7636120501802,0.7681794912624884,19
20.35312471631917,20.08702422567499,43.716081894897904,1023.4232670606184,23.173515578002718,20
19.973298861333173,18.925733599250304,59.676427350732624,1005.6341976724972,5.746739780056359,3
25.771047388695063,25.75618048640395,57.39542869518731,993.140713727647,18.343400293158904,15
36.259568410179654,34.94373472525501,36.95371244091995,994.8925005643051,21.440437494206964,19
9.351396134436918,10.226354039509275,54.63799196349941,1025.452047065712,7.833195803782889,17
23.780071311348323,22.951969155970385,48.933972190983454,1011.1296898281345,23.4334890781175,3
34.27154763646562,31.768747531812785,22.75923095842541,1002.506213631762,5.048521612799564,5
23.110757046974065,24.708805524578832,59.9937669917154,1018.1116281022097,13.409300593103143,18
29.299164825228043,29.13408409645102,74.24184025770641,1005.716323945493,22.456741240846107,3
37.31320236922675,34.45551671316396,23.119902849884156,1000.0074776952922,10.768549372032382,5
21.62524685929114,22.19585796360031,61.559404806600426,1017.9493220221741,14.755380890715175,23
16.630263174268663,17.217343419267497,53.87140851949813,1024.5727532278186,16.68870680835843,6
10.993617988019377,13.438023603649832,83.92607803954894,1016.3796671652372,1.9786167069552358,19
32.70786059520481,33.330127193982655,52.98207915646993,991.3232345838697,6.484145529187371,20
16.99797673459924,19.063994913977364,89.49627847302101,992.3587372297259,6.964067836243387,2
18.647757128697986,19.06254961328783,70.44651181555037,1014.3116640048224,12.336042514064147,4
31.149618857607642,31.116647727255607,86.0350109096917,986.1437789947076,11.924197277398612,1
20.014077195897535,18.870796388579066,33.042174356297345,1021.7608630304385,4.469407188762179,15
25.229878642695986,25.407512148143102,64.03823050439867,1028.75509505501,3.693088209928291,6
18.932775501610514,19.608875963103372,56.137347624004235,1029.1132280677848,13.477253625556187,10
24.2942221967655,22.079521582841714,38.898154579882345,987.6872515997893,8.002327726888787,4
19.9372517115361,20.235301795425457,47.58585539570223,995.5423077758696,13.160340259871955,14
26.760440896724887,26.0119010543961,31.80193339038258,997.2444587086592,19.69002866154111,20
33.64418929913179,33.34687543819762,55.358088902080446,1006.5123763183121,8.624571142396958,5
15.8461653497672,17.7117070372371,64.01049709179075,981.8126158757398,19.501523080454206,4
13.115666213734922,12.814761663229861,31.193927151688925,1019.5866446499826,14.942053200695188,14
14.161784117464885,13.081186453313785,30.415179869440703,983.8455319367667,3.261559035493153,12
29.61454192377146,29.411186162493117,25.033470212151194,1025.5306253686304,11.151430641611023,15
25.49131384948543,25.02787529358022,32.72723569861371,1018.147443925578,12.599144495634837,16
13.069560219908483,13.789876870002484,54.34295031287394,998.7520349120105,3.7102530845659287,13
16.41847581136243,16.275034581557506,54.58081694195139,1024.2035054707865,8.848191914382591,11
23.360342853613744,23.778999047909302,58.79188051277001,1003.5618343645824,3.0684829886077236,6
18.219090655715792,17.12101235943669,48.449157560181305,1011.2461234894229,17.473191523630422,2
30.902813221647577,29.83153376095636,38.31699566462545,995.0889611568139,1.9202756909980134,12
23.194158267945763,23.458298581392835,46.17570995226422,984.5819102587864,7.617408502157236,15
28.29581839526614,26.588434300417767,30.101843058123706,1003.5684055086499,23.347335953746583,9
18.939410664441613,19.31721292530785,30.588499912387313,1002.3971208588582,22.71310076251281,14
16.454842974816213,15.98904726667431,34.125646377671984,992.0113583197773,21.270148949186225,17
16.373606415091462,14.387290684533934,20.667726781788147,1001.1002625422861,5.912099648068855,9
32.87113426265551,33.476692462822406,57.49822793192209,1012.7310747898528,15.618486497661452,14
28.015082907152877,27.31090378310924,51.777118313350186,1003.6402232056363,9.497738620603007,11
24.8428287919891,26.850497976469818,68.54568859324243,988.0468505601209,14.462794810236135,18
28.603745891890206,26.354365036851863,30.655974974180676,995.4634439396095,8.121871677482218,22
14.716157164435389,15.800454507720268,73.24933642307265,1023.9496153879325,17.72142783010687,2
13.769769972507731,14.629889196686698,49.842280579349094,982.587273983455,23.758386666709765,17
27.21476980924691,26.93855668647383,49.01008687269256,987.5396407916176,3.1204417260460664,21
19.732328289963334,22.967524859514874,88.11317446599128,1021.383970360177,16.556188688037007,14
14.267290779841776,11.078997798764403,24.26338802646279,1020.296407670768,15.342662046239418,5
14.225548038919973,15.086818562439896,55.727490494409466,991.720287220413,3.289851926287754,14
27.335991549932842,27.063311488443038,45.89992201719842,987.3045349886543,10.729300693976551,13
29.21890834989269,31.574920783971802,89.60015900327413,1026.3866139891502,24.739082045728495,0
30.044363904292858,29.894816735902527,44.011869881301706,1001.5210954043984,24.094191248557724,19
29.15174876924579,28.34035951403505,27.92704161478739,1001.8998873947777,22.62710094402384,23
33.65261857464373,33.62560161451422,47.05103456515722,1003.218516009102,4.652514048481038,13
23.303283497970956,22.673010949045864,34.70331361044487,996.9782422781765,7.949401236165538,12
16.47499997574554,18.35595796740152,80.70065057007854,986.4468652709909,0.8927737257035773,18
10.525980505002144,10.785729642168356,51.435495989441314,1028.6047996606155,11.646793222691883,4
23.381986136705713,23.036490968036798,28.071076323733454,1020.8542473459825,23.937263275530526,23
17.483368430154012,17.846887418061762,47.52193041949849,987.2616434538172,3.74927648658743,23
27.49090619703888,26.93482824722182,43.58453391537219,1019.4719199407728,2.8289751647419066,22
22.876628663437007,22.531891115643234,48.84655267427774,992.4840532169662,23.584492974868777,2
30.651616149085225,30.32252522825194,58.179956514819914,1017.4198178104872,2.1869901437732016,5
10.364726348479927,10.233290495677332,34.48103127956015,992.191954984797,24.31774933903466,21
16.000420148039918,16.447570676123497,54.60595677320307,1027.717297581165,0.23687828154241308,1
10.753243622940142,10.811086151179675,50.60971537712323,1023.8242806543683,2.8720772769697227,14
13.026876350566337,12.506139093071916,41.24172515147244,991.9364405955572,10.898362272278206,9
13.53272255215737,12.635034434911557,23.326243004497726,987.2944623241643,11.911143407345715,2
11.144743246759313,10.545584919387238,44.94833150947653,988.7272941751748,17.688833897982995,15
18.708902105825796,15.512155226754384,23.659537228813175,1015.0093780415228,12.34423728431654,6
20.86537592755842,21.30544852224518,57.435962639683474,1006.2128963951918,1.823996597823871,20
34.86942880123958,34.43269769978759,27.489388282223633,1021.2473464730278,11.465712185786646,4
17.600403276063226,15.5309674111516,38.34790804117576,1003.436676341073,16.06599176662566,4
11.844145997685676,11.778891971947743,41.045894839252085,1009.3060174402749,0.3181820422480136,7
21.774507872418894,23.282350458773298,78.22497101296115,1021.9929786337021,11.583148477917332,7
7.126470865973085,10.838310868394485,81.23205547595963,1019.7643522398612,3.4056944579612254,17
15.919515481951233,16.04733235282223,46.46174646040814,1026.7625157197167,19.206898694988066,6
12.118988519879036,12.153303476592008,43.639754230695715,994.8426017139992,1.8900397223669763,23
8.687861732607791,11.664118197855572,78.90078319693713,990.9967156915291,16.486991957169643,15
12.079216702664098,12.774736730337027,76.89130330132755,995.5596222177188,3.7156032617476242,22
7.9421161623381735,11.661096108894371,86.20423019059227,1018.681832250288,5.695257266903287,17
25.294620928022095,25.488155000907582,41.648767804978675,1019.8455782871315,9.85283458781821,1
21.17685303791591,20.65303094880577,43.297285276417036,990.0110467894333,0.015290878889676063,2
15.077888968744743,16.701591020571907,84.86097682528668,1012.565994861312,18.89285334002712,5
18.466691686753737,19.211222997914472,21.55419690914952,1016.337028261466,9.3404443077577,18
21.48489624586296,21.150144323948894,30.456714535850246,1008.2042460844312,22.624422044542033,0
13.79120341373751,14.267709082812004,60.87007871156108,1007.9982073572921,19.42202489395769,16
14.868093764644378,13.71989923512789,54.74259398990652,983.2386099762601,3.717109808917418,1
19.585623339971654,20.72655923256665,74.89310254624557,1009.6477136463702,23.429738721896364,5
25.059607850713583,26.307291214798493,67.19308641807297,982.5072011535905,5.095487342912783,1
9.125204895699188,10.995285986143845,71.07897392127046,988.7418457733105,3.9894308196678385,11
33.152020394184156,33.722138431333335,62.04082378909952,1024.7553112865046,22.971321397077606,13
33.38465502724865,34.51420567651809,66.77264633705336,1014.6712921008136,10.834465248373048,13
26.244354323486597,27.435506681171,49.25888598548395,1015.1391438582988,12.238488552353857,3
30.74816802397272,30.651690756313208,82.73797015301052,1000.1486400061697,8.963317084246098,4
22.80472855733949,23.076635619227982,57.609297156762665,1010.525658204608,9.404127760776943,13
29.903737135872532,29.547272824922242,30.116065673486517,1003.126699268915,18.776761971200262,12
29.42964891968761,30.902942580181218,56.445874761387806,1015.6093990989746,17.126129392715487,0
22.474858775652862,21.630140307092955,27.926185628138775,1007.5889641862848,14.528697874331511,8
25.82421047891709,25.41959019631353,24.4475005696743,1029.7526376239623,18.719333045545195,0
19.44621154618286,20.107243681371727,78.6488966633863,1001.3601513640917,19.350082822743992,3
14.233116607320248,16.63957082396515,73.34229047273358,1019.8629512824053,0.3874979172580256,20
14.16378228864245,15.39552568742108,62.41277706256381,997.9535389521576,5.463711538014074,1
20.46636128678051,20.473694754686885,57.35318519164476,987.5076822091937,0.3498352542615657,9
29.005397251699566,28.635986854608248,44.67367328603458,1008.4570785227135,6.000960469103744,11
24.402678319474656,26.466533873494175,86.34129628044137,1023.966171243486,7.804580420537774,18
18.97869129980274,20.757647372486566,58.491384480934734,1027.6225631573193,24.906052465425514,21
31.489322001228498,31.541622117477523,42.563692065666054,1019.2813402143998,22.378643420614193,5
29.412532722785198,29.87028258854121,66.53174434375924,1005.6295462633648,4.670860157364576,7
29.814924910663617,31.08315419469708,55.6814857002756,1006.9753286992147,3.7260552293801874,8
23.426925842983017,22.98061426950513,34.2095491433838,982.3317950230795,4.813370443094334,0
22.086251390699243,20.63591096541042,30.973230005614752,983.4174185724097,17.0557316894146,15
32.35288432931385,32.937146078299754,37.304425161721376,1012.8328478311422,2.944099806915462,19
16.945423770442982,18.36972604726698,76.42115532221483,1014.5105388349734,24.864139205214418,8
20.610954373616018,21.90126005497749,77.7874389064291,989.7309627162283,17.971949509853378,15
24.456208783464366,23.30283713163289,33.17625398383319,998.4155191043366,16.949950381064614,9
21.58243861199025,21.963209247988065,54.151362419864164,1001.006727709155,3.448775261708925,12
16.03839499393816,16.89806735951367,73.42996331422114,986.0369176354493,2.696608461106062,4
13.999738698608011,13.98861700282971,55.66562112569413,1008.9536263842997,22.766943497957616,8
26.338478472717007,25.04703974090805,26.230681442720616,1020.0604950121815,0.724673252343952,14
27.215778435819026,27.353764337745776,34.73699419084291,1004.2389030045224,19.0430222773797,1
10.73507127853766,13.05274785025067,84.07913410266924,998.7852902690136,15.283268832571316,1
21.99318278076628,21.536936615618355,55.21934883238239,1015.7427987100205,1.8390257244429054,10
17.0708583984902,18.02136356874609,54.9195716620992,986.7148482197593,2.6433816981612623,22
12.451673925343382,11.834101686490067,35.050333778902,980.6004581542132,11.665340570053143,22
10.864833331329082,13.582036467566027,85.6435191522757,1029.298084220071,13.915147454507338,16
16.564874404789403,16.577814247771073,42.44339345851587,983.6981593635478,9.88805340628548,22
10.428645050746574,10.143966512453039,20.703288673838212,1008.8380423717962,10.79418845496395,1
24.172500158335644,25.016276663708897,81.25060898207792,999.5375173854546,10.216899469804929,22
25.965285115146315,26.473098547753786,66.84878042255845,1007.1881227959328,0.24165666725455837,10
15.467343320991924,13.681889088802274,21.575302920008053,1023.0681359478283,22.561338480138016,7
20.51823255702873,18.683583156471066,36.89447926862499,983.6341157794908,7.985552467855111,5
20.290971999899988,21.038262534334425,88.83385378899587,996.1804734717035,15.28585591848685,20
20.70983324151462,21.563367903328697,50.66308531337686,1021.9079600700543,15.218262064621216,20
27.73327579846069,27.939944141454404,75.33595252735535,1013.9356618107677,9.110670283381278,7
16.585476599489862,16.047345706470974,41.15936903475139,1004.2626627296613,14.909495817559144,0
16.520952208510874,17.038029960373247,70.02916214675804,1014.1239533118431,21.551271424403197,9
22.142257940368662,24.257173468284762,76.30242282680207,1000.5949148804968,24.915022801372764,20
17.744914374395268,19.161538371784946,54.39313023384916,1000.1366184933484,16.189462270171475,16
18.074393609344487,20.353243813223177,85.69133482872853,994.6306363711733,13.440615018683866,1
18.336725685971203,16.894189206283922,44.007656379005475,1021.5069451138327,14.778875115568479,14
24.778302609260685,24.64661971133798,57.41881813292274,990.8245283633058,8.025495263772491,11
26.54255105027251,26.366267171648865,50.90738072652279,1028.9228336092142,15.64173324812266,1
18.410841475503272,16.966161605915286,29.190158040337696,999.5689046681873,2.8412815327920837,12
11.855929824686099,12.800972554201309,60.58549906830685,1023.7517265622629,7.627729755302054,23
28.66948294980691,29.938977515929704,79.6076020328548,995.1311142540944,19.6699177266144,14
20.218284845381103,19.3020563740724,34.841949535156026,998.1893025799528,5.456220812789284,16
31.653034419796676,30.811066020010543,57.474343764315975,1026.3905030823848,24.609532815465084,15
27.993483834868467,28.7018294857383,84.29650713101849,1025.9765314456417,20.962563133090924,3
32.007100132355795,31.763174156734603,83.92441732699207,1009.0380545976127,2.9971467706001063,9
20.2996896195521,19.3312947907335,40.924830506883325,994.6838206679219,4.1415791869103185,1
16.172171441822123,15.705884087342477,49.72008250301689,1021.4269287963525,3.6062828529147883,11
33.82775705580627,33.22861793029218,42.09575388876268,1008.6611478778121,18.10892337074589,8
34.85634211255398,34.665753073971175,50.524933615351884,1021.5662035642625,13.034868406573377,10
30.56579037479199,32.42488223411028,74.17552901765706,1022.6462179089225,8.965276307029269,16
27.239447284647394,26.130464396116597,46.28490354145041,1021.7514980633423,11.837714693526614,8
29.133833190028064,30.364368005784552,44.784519364856585,1022.6182674631021,19.60736761971816,15
14.515189150557344,15.748865147277154,83.7939271351486,1010.4846784687019,0.9532903522868175,0
32.37485852251967,33.17944548698632,64.75623603799428,995.9824013793813,9.89043664483171,10
20.97875438806352,20.42983546411441,26.160421925801657,1013.9534549488484,18.02388276209181,7
21.02652807503709,20.654532555899323,54.75607955614234,987.0774425493912,24.19385808432804,10
26.057843748949264,25.710661415364676,62.80463969034394,1027.9393321970203,2.241956416484503,22
25.530259284530434,26.911698430659055,86.3336560964467,999.4024635029207,4.168639215648414,4
22.091129919345704,24.023449288384658,62.72632418471844,1009.1693116163874,1.5680397725347102,20
24.293370346672464,25.50331494503842,72.6258714510853,980.4502832132238,4.766898668869787,12
18.51598137281723,18.390261356746066,29.028523554901568,1021.1920257585597,10.84520091295817,23
8.971940050894112,11.278384536052519,60.144423472368366,989.7314823601612,6.742925102063471,17
21.41845743565803,21.176388595160635,57.92322239587108,1002.4839925442578,10.124925971923693,4
23.80270645622897,26.212620502967205,87.59572223364886,998.082266387751,14.629578537460336,22
18.494787868600522,19.077057409965878,80.10200748877487,1006.9409683624834,24.57905724778521,3
28.235981549054266,26.82416555986081,28.467246356694464,1025.587716600074,6.7166946156956895,10
20.222099633203708,21.719199136612644,88.04374322364417,1004.2747945582936,3.411277956761463,21
23.541050630948053,26.492256823261858,76.75044710616224,1016.4843402897153,22.87639324440386,18
26.40468304526991,25.423172959393554,23.697812573602175,1022.1666177445969,1.259074974834895,18
15.122031073344923,12.99663418334207,26.970579947802026,1011.1972787380694,22.778394253252085,9
35.9111593428225,34.246970667690974,41.898393826695404,1022.6506779493963,19.401223971734506,10
32.70270180272236,32.27138837457867,58.59221734639699,991.7038101992058,12.157139308783663,3
19.024072440979676,21.865771893745347,82.20194963060067,1009.5126682629847,22.398362407297554,22
22.204208648163746,22.438496303652556,65.76445460693094,1011.1628754836565,5.9369173751406015,0
22.552563793274032,22.405980547520347,46.45778489488989,981.6417714541939,8.939988142161498,2
19.828748894675773,18.60229044623605,47.53469871234333,1020.3589885101245,1.0686151631152248,6
26.962479756750437,28.221536056748672,86.08663501512552,1018.2281859028551,5.444065463725445,10
25.204668406607176,23.566115867689415,23.51227452239818,984.9328688366404,22.26696489013677,20
28.0294460847629,28.14949774963239,87.05855472742235,1011.4836325929944,16.672381771758555,6
14.030663590182872,14.98175841167002,48.57662635424091,1009.0895632388855,6.1974243187718905,9
15.043243727134545,16.58118366295028,62.31422875809216,1000.3967685527148,18.31714228492003,18
24.24187275266481,22.338664508502966,41.22967182458117,997.5609815333785,19.428822705736838,2
31.761812122591486,32.02237901361881,62.98635165829912,1006.7553390000302,18.336037345266455,22
24.06465933510228,23.944585434250623,55.11894162044974,1025.890127010479,1.232005036193623,20
18.791249970651783,19.02434742350067,25.054922973463157,1023.520541427915,23.44469076146975,21
17.640716056148943,17.41338953219138,52.504517491749915,1029.6585394799167,19.788525158330007,10
31.74059981847551,29.54559658362339,50.68090256232161,1018.1998524659772,8.624052118980805,10
33.20190163125872,32.73573759214691,29.158965294417385,1027.0174188835097,12.155217212996067,23
12.497230496845553,13.241974455605884,42.67268868062654,992.5879693272724,12.77901490103292,0
26.105598510158906,28.48673083096818,82.67888978359532,1005.9545865169864,6.777794048385741,18
15.733401942907175,16.7999651336089,74.38624718747649,986.9598306708443,14.092555485454792,16
33.38478593682373,32.65358136914416,37.13215557458491,994.8540274938999,22.815063043472524,6
27.900782138152113,28.447124620865154,51.56905518538406,1001.3000405251205,21.113909392804008,8
18.341824092059525,17.330269292451614,44.74312344425044,1014.8898516531262,3.7870528257489546,2
11.065821758273142,11.285645337106258,30.493647727299777,1016.8328367609395,20.87435183412226,13
12.284726136513113,10.974900314372789,32.72659259668648,1008.6563961636282,9.918549281568492,6
15.186693786933613,14.065423483622283,32.7234518432836,1001.5866411921425,21.10833872998344,8
27.17716461251492,27.803426147015124,29.435004944220665,1000.4748139172776,2.7561121670141633,21
26.49910120951756,26.4525554514123,42.905482821301774,1025.799600068104,8.92665346883265,4
32.1582145193745,32.44911617119471,47.30462460233398,993.9418791788804,2.3790975020053757,15
25.825622256886493,25.795930304244983,23.45061449350915,1026.8993932729747,17.299813051418607,20
29.6018395419325,28.223480002628932,48.643765064995485,987.0371681695576,4.324238115076878,8
30.625226900704284,33.30070263775043,87.90818204929025,1009.1916636312711,7.010746539339421,14
30.275233432780176,32.528950262274726,89.115793061854,1022.4376350282618,20.37684976706525,13
20.33979211862004,19.92958824046137,33.46210409490454,998.0394200539363,14.699356209258713,15
29.229147017290572,28.41110589061807,26.187787700273088,984.428408691254,2.799324262174832,10
18.624574269691674,20.087071655309927,69.72460504986326,1005.4944974102805,20.118426619173512,22
12.064946201789182,12.11720854688267,41.12842626250266,992.0771406357989,15.450937014044358,19
32.3465334116548,34.221946382142285,78.95356116111802,996.3545753000819,1.4052389466555542,17
23.207412991117028,22.64829135798896,41.29086781398256,1021.3575097751939,11.5811036370952,14
32.29624381530866,32.247834409071565,35.40768810134145,1000.3006268094109,2.942954977065684,14
28.266321168729903,27.236624228431644,42.3804594537898,1016.5353442181444,21.120141675900012,11
23.04179247199935,23.51746191612276,37.13009179165907,983.668037975846,13.432756475090263,15
32.85433954931642,32.4341466447733,30.735537919102196,986.0507858374325,15.69016803330159,17
11.291411373267561,10.761592157724003,46.00243375341301,1009.5327613304321,19.67673756809829,5
23.031628021051766,21.518340006041846,33.81826136113798,1016.1873192703893,16.219965614472216,3
31.117929091422468,32.65217651203152,72.95770084467146,1029.0270152015678,8.551919899276768,14
25.049006876713783,23.083240779868532,28.897182963951828,1022.4535437451746,7.514427701350554,4
29.327437540406827,29.151619413382566,46.59470036734102,1010.7021803486282,24.794658882198245,2
21.463018031120537,20.80047318986265,38.99669765557092,1006.8667412421539,11.6309828794984,14
26.85235896159541,26.7773289271494,51.0648505497635,1026.2664868437298,12.373308108480904,18
30.420429883179764,29.496274722333744,24.59382617244723,1008.1691870333083,23.19427746017048,0
12.218188940820465,10.762506248476235,39.72775023068304,1006.1186631983401,8.712644995789775,22
12.633193575084377,14.189163482612662,57.56362958148457,1014.6220176259066,8.119821769707894,19
29.79701058785193,31.278416787921422,68.80163780032453,982.0243912164152,4.917160853171534,1
11.931273280855203,14.29234769263624,66.85884449775504,1013.71182808141,16.4926120536773,20
20.715785655715617,22.578406464502194,71.32122646957598,1008.9164551352152,0.30343645788001306,20
11.0372177661301,11.695926477629298,40.80498796915672,1013.362241431662,22.738464247834717,17
18.54031579652156,20.247622242407207,47.98036856820993,1022.3578728501553,19.154409986747783,15
9.75821430466095,12.28015257621726,88.24329909671644,1010.0512938744345,5.396659941487214,17
13.784760665254968,12.989856148457543,22.552273557793292,991.0638295533092,5.649459616379588,15
25.991309310383876,24.88032085317187,39.88729044592031,990.599076039963,12.588963658138061,6
33.22749633472959,32.30756245349131,62.92192525201819,1018.5904888134997,5.3952796604664535,11
12.442160031328282,14.334339882368871,79.55969301254667,1025.4443720193233,15.408908089975624,13
13.844882554009624,14.484117050305262,88.58140343417018,1001.3846454558102,13.677877708215888,14
15.29447693582567,14.991844553958993,38.123299235519774,1025.61148109998,7.605112953375093,14
10.884926982121968,12.926675410690146,70.11892854792069,1021.8864549311328,7.136194679996638,20
27.762286206245204,26.716080498110774,34.82000605035796,1016.5822951959944,18.992791508474184,18
11.467687505966229,13.380432842821367,54.09112283613676,982.0058289144258,15.27319056970072,2
7.086907549650934,10.414812015814947,80.47550652219684,1025.8816595460855,24.635119587015787,16
11.516793664812912,12.524452670444028,49.8484239544381,1022.8707423325401,23.88702236952075,16
12.138215008686272,12.671923077368596,76.34767837171798,986.0755584768833,11.265526198256893,5
25.522393189822825,24.133256364290247,39.900180236682154,996.9339802228516,11.120731439948974,6
33.800623728494095,32.57237487979968,23.22484187728273,985.5657160738775,18.217731211883816,20
16.504636608210504,17.333835536025248,82.23913749934009,1013.1248436592139,3.8207044431473074,14
14.102333980927243,15.855084273158354,58.361504806039456,1026.624793725687,17.918659572751938,20
13.302883831055578,14.237318667152312,80.40717363191129,1026.7608905085438,16.029990830803705,1
31.71523900376306,30.722886853766934,27.081593372917226,980.7741229568758,21.892484323564137,5
26.948030171895066,26.1393045356857,36.478507418906865,984.3716348746822,3.1631419078894494,23
15.637147018351172,17.40894033783221,73.45307092731596,1024.7333812157008,12.801961348441976,10
18.059063509148384,16.92673124283499,38.54063804695,991.3276924263146,20.623345941019867,16
31.428683325373346,32.32725512988537,85.13140203815217,1023.1978514057512,21.315805819288496,3
15.164029130972471,15.17481446096067,27.42910135163136,1029.4194939319932,6.08738147962955,18
14.562577931567077,15.480349683951108,45.159667878157194,982.3348908942556,19.331528801999713,15
34.830693935420484,33.78508355516642,43.38732564605943,989.014506530782,3.9946390528392604,3
15.521095747166568,16.307868403378826,57.15254216716996,1010.7455042900971,20.83836417773143,15
26.942103192276463,27.399355152342448,51.69773636990288,1006.6055566918502,20.954398017143465,18
28.836941462036133,29.2730461161013,58.088820137417066,988.5505427209114,7.569339808917311,18
15.47918301397594,16.756192303269582,57.54872681560213,1023.8429291513086,24.562245794851545,11
24.699612261458597,25.17735090221952,45.934400594166,1013.991837987886,1.2037697293300231,22
24.81202137379776,27.063511969178926,43.12059228276939,1005.8062292101243,7.243990050716401,19
27.340728175863255,28.46807876816416,71.17720881024935,996.5454291539013,10.597814687190807,9
36.632296223926566,34.672173415012935,20.840211909087778,1024.7027302601944,23.62903642944742,21
10.499316444595701,11.64271598570881,61.06212161831923,1010.3054799926487,12.364656280066145,1
19.55518004555728,18.62980521235526,49.774954738898856,982.7205063875089,10.388999860928555,19
25.504758410328613,26.62279311218045,66.60356681857571,1015.7838240061288,12.229499038675906,8
13.651606545526322,10.904009513119053,26.214128686936288,997.959670119459,0.762081507784701,2
29.031170702574585,30.36677511774973,55.401960884881106,995.4840282175728,6.868625811000573,1
29.528845993169433,28.086195446250024,33.898000120774114,999.3608928539602,2.7959951210403093,10
37.416048763058235,34.69305974340079,41.49614203521741,995.0113555770694,21.89834813613312,9
28.17980107620955,30.13580823249966,56.77523372736486,984.4739191491209,5.116338241158175,18
18.494931567593458,20.021285419090997,77.37739019463214,980.4407416647236,8.361154671958118,22
21.770354138102274,22.778228480930746,66.91777832310514,1002.5582001843798,9.790047023038886,8
28.128629961137417,28.756644098471057,67.19537427131779,989.074356242935,22.876128153616328,7
23.434200286102154,22.630169339415957,28.573699179520805,1002.6926627842527,13.18483785219618,4
27.143507059644786,28.320038619156264,79.91476327139085,1021.2804336253797,13.025054323708924,18
28.141238485287403,30.972452161148354,89.03237580985864,1017.8754911409253,1.3354167983627652,16
12.372842507382959,14.43598859449307,87.68779602328208,1028.7802484294557,6.2936116070632595,4
15.7995243444278,15.17689523027138,58.473561077422445,1007.648779300872,12.036572940934622,4
22.776204223479855,23.499634492896387,56.89053372070736,1007.7256277845482,7.054466141230828,22
32.55722354553793,31.907985828557788,40.2707893269509,1005.4078653280073,18.94533264235665,22
31.1810577788764,32.7485785963598,68.3435919456939,990.0852278693221,24.743078313867873,19
25.087872024707867,24.466885214309837,56.27440125277646,980.2186991141505,18.88747671741968,22
16.197007016109463,17.982840939760372,68.14384444560143,1019.6858712892606,18.69730635065208,14
25.641550639330536,23.60862219085803,24.502345623550845,993.8580306922097,16.068650865840322,0
7.745415055789087,11.924497745719824,87.63920084237301,988.3810781920292,3.676747613758585,18
29.459006339725573,32.43493295803966,80.0359191769279,1012.5441742561935,21.925965726082612,20
25.573819193355277,24.673412663972677,29.122676269162973,996.4296081514027,3.327165979319935,19
30.14258696453241,27.9582793843001,21.46366586346645,1009.8331453466241,6.681174376776308,20
15.036579052580505,13.571899033485293,28.22900743846556,983.7660716083702,19.560985237471872,0
34.51162060430545,34.8313753855741,62.3989468321913,1025.9426025629455,1.3413041002422688,20
28.373857255001823,27.31232066673063,26.96473583264467,998.5001770287515,0.17825050552515154,7
18.530648124117235,19.21315859309403,79.02014055208218,1005.5107967039202,13.877131261820495,19
21.202312714409395,21.481629929330346,72.76695990848583,981.4132350524989,18.323315550438064,12
21.827634580185883,21.168161717566015,33.03714568098423,1007.9408617459161,21.714390800936346,22
10.76723462582696,11.021715406661972,70.07256173703949,1003.6959880455596,5.038175072956061,7
12.093970010154969,13.491281368907822,74.22568338551123,1020.8749128262833,7.515513996391052,1
12.067946837999667,12.98452528345492,82.82561845758478,988.8899169282624,1.1703489308556887,19
22.72516260102723,21.263603382752336,56.97324832294493,1008.1327059835654,13.370454123578604,8
14.938584209282677,14.530826654141503,49.60604806190904,991.5544461067284,1.7726980582960432,10
12.862820369321376,11.91895154721845,31.01649604082073,1007.7290335767813,14.209068971189845,20
23.46463485087064,22.646317323795724,63.40009334341859,996.5953142448749,0.3986421613327712,8
17.85594747031205,18.928028982512572,63.017871275492084,993.9246001678694,6.315486515044366,20
31.80916578421557,33.64245367500706,53.865782760795746,1017.8497379744828,0.7777146046854033,19
15.671070959814962,15.653133281241798,75.72479677778561,1020.656013631071,10.70439218655376,8
31.048687709890203,31.97447250705668,42.446392831550256,1019.8744488856508,14.140836285937617,16
7.699393048479917,10.159476085164767,81.0723970558572,1009.010948184527,24.996785956853344,14
20.595214400551317,19.668383657513434,26.069459731694813,1001.372096042828,7.238568694842623,10
18.756569136066332,18.304775827890115,30.53468486508099,1012.996214762953,8.855516950856899,16
13.864338904395236,12.789824998931186,34.99233769177108,994.3273699276908,21.295906469047512,9
32.759043667443144,31.577585646889837,25.24270894013886,1009.4216778208213,16.748158554033076,11
26.03730981459705,27.677161931667452,66.46541367590109,992.4353577983234,15.426913250155657,13
11.904613587933536,12.526145275266167,49.93683600769184,1008.60734388932,19.0631419273494,8
25.648791557707742,26.545979746234465,45.98896443537757,981.8743978434829,8.098389151950844,5
12.45325902758375,12.191068669095964,36.75588854394324,1024.484686266378,21.783933530805193,2
25.349541189066773,25.910034254585177,33.239708742871805,1025.6032226438194,19.65421053623428,21
13.424965372967476,12.725340391023218,27.30600206579803,1014.8902349247204,9.270852114849736,5
22.80229928956615,24.20771508338679,53.20160654079012,1016.2548009448825,23.472082876764176,9
24.39742909462636,24.031929939237404,28.25807385396431,1022.3506017694542,10.003636682113978,17
12.606604047856965,11.567240540546647,34.78457810115662,1024.5211101889583,11.1096256659514,20
9.865150368970122,10.778727319834777,66.40343766411961,1016.6602402476489,24.03677211311873,1
23.685671397304734,22.241101900800818,24.96101904584115,1011.4139729532607,10.563333872124419,0
15.945647818919802,16.217856814690748,43.06712896417977,1014.3992010761835,24.348519166669544,21
13.994638679777811,13.4813517696176,39.98675502007377,997.2723192902756,11.406075646157362,14
22.588032578729294,24.188521206538955,86.6191684473376,1007.6915457933911,20.326280178582703,23
21.16356813719468,21.782179184954114,69.77852719107001,997.1911245629376,22.456816612313837,6
11.650346341427742,11.060557455172292,53.2751347376608,994.2648860445114,21.975799296911777,9
10.414921547194119,10.62429155292624,37.655619396143315,1024.800776148081,24.379810276788163,1
11.357351785530149,13.11656703008167,77.45943064841902,985.8989499718513,15.207440343547422,7
10.22119020463617,11.605223426878352,78.5403919171722,1024.789942875442,0.5062344947523029,1
15.448489917997763,16.07930477498635,51.5791048858489,983.9946843895681,23.346675996282997,22
23.679817117089208,25.446181005030347,89.7794498997008,1011.0940981945197,3.9515325072912333,6
21.21977460050608,22.09973420449368,80.68587299813586,989.8823890559808,1.3916536514049782,5
20.60414081282699,22.515606701760447,76.74226937821128,1009.3008188739149,24.004710750248133,17
30.36286420711921,32.23798277609408,80.27440555358037,1006.8918911574654,4.0057194005501255,6
14.758891586160658,16.689816918199288,85.6285236185137,1016.4411090046373,12.675074762404298,3
29.4908382144741,27.936624765297804,31.33269270366509,1007.1205064339155,12.059035411618488,15
28.256266280226544,31.34857205354632,77.97914953711918,1004.2892057177617,24.89370567648824,15
25.31098877995236,25.784399441084414,43.024384474750704,1023.6260258423091,23.83892016800246,19
30.23876308598659,31.41343059369817,61.88142529872132,983.038463419812,13.477225130169845,22
26.941189528719367,27.83017208206544,81.79855434746554,1009.1434680596021,17.809857548824702,22
13.294344494603694,15.324104037722769,89.83705842852615,1027.9125586116252,5.485390963922596,5
20.503434458624643,21.13854096854727,82.81089470248169,1018.1159380846988,8.861540507397164,13
18.152418177204517,19.232019255388526,85.23389128182191,1024.2235656787764,10.70337111777736,3
8.980931877847489,10.302577919402685,85.83761107720633,1028.071565619167,15.683427760632995,14
26.261275896959948,27.693033756688187,82.42741479846289,990.6673287280063,2.994459497089025,5
32.99441858275297,33.989416108025836,78.58043955586146,1020.5102924751668,10.68117990579261,3
24.54548858534099,24.3618278294978,29.12243032206351,1014.6878960174538,23.05301089903045,4
32.890373000783214,31.23058526235445,24.09205910658139,984.5622420652128,10.163457847175328,15
23.547207489319092,23.914460712553833,63.214797569164695,1008.3913045699792,22.080130046836555,13
20.357558638742486,20.49068457017026,79.60391145197957,1000.0960093496338,20.35568320182677,9
22.66149242504858,20.70499037314037,33.374349754245074,1019.2220771035364,1.0836404981831445,1
15.857497655551363,15.056354513113373,22.29778491734681,989.8792292914159,19.464546218016082,20
35.63526341058656,34.34501033392874,28.1511866859298,990.213377661676,12.537427388401593,16
13.706511238090947,14.892816002491227,51.56325571652037,1003.5826400664195,11.606672560652834,1
32.13071379194392,32.73301005196955,66.66799563247591,1007.9067079064107,16.042162699369992,6
28.68871577971999,29.917034929784307,68.10981030891894,980.8586495331185,10.060462356424551,11
22.30346918575747,23.718344734164653,86.33803239449958,1028.7991559696225,22.703848580687573,7
20.48934973106997,19.94638997614354,31.655248293466055,1010.70813513081,14.666075311140862,1
10.311022711828045,11.764218685010746,57.33264835017235,1001.775251372663,9.533395428057107,18
26.367489158221034,26.67160643865261,56.06345582967496,1003.2201453160322,6.497911846443091,11
20.878820298957585,24.935327554257707,77.78079270240401,1029.9836602621046,19.29972675636727,17
33.27251585019569,33.77321486256371,52.52826279116155,987.4818360754464,8.535306315686208,14
30.297377567579915,33.16469062903736,88.77378064208735,1025.0919158220836,16.504316041173922,20
28.27806875596815,27.201138926853222,28.642450161151523,1021.578474918243,0.7161482827564153,0
24.081306835093237,25.453206011447396,63.82382962865609,1025.2686594131214,18.65233655485567,13
33.0701736389785,32.63376604890159,45.96815988145183,998.3126502999237,11.28169488428167,23
23.731373336337047,23.323944663783383,37.34687100348348,990.3256582464892,5.803215052577649,23
27.543000191811657,30.09512226208688,84.02091046552233,997.3514012662818,22.04906069579671,8
18.499300950173296,18.499296594831204,56.78023988167496,1007.8445319136547,13.387492885559341,2
32.91303549632136,32.45966166460087,43.7278948320975,1014.8569906972891,20.553621989259327,0
18.220165593156022,18.08007330051888,46.38903171007892,980.7235320751432,2.758369345630074,3
15.686425393576714,14.036445851606002,27.856875039411204,984.0258279295756,8.486055143434612,20
29.774113461729087,27.617019068416166,28.031937083673434,1026.521174658939,17.60249210993625,0
22.458288848115718,23.00170052944527,57.005962279249296,980.0471521263745,11.135135714445871,1
34.20318820818081,32.80908364041728,24.542949567688662,1018.4593394997964,9.030568380857156,10
18.044869644397508,18.970762103087562,67.39869844377948,998.2101111324758,12.656293362433171,11
21.377476923447052,20.33872753813379,25.27885231949518,999.6479403318341,10.233574095723617,15
17.073851243968512,16.798743153215774,44.54498840200028,1006.434292683941,22.34724406805479,12
25.761606037844256,26.467940968175554,48.24840345695819,1022.6069781927238,14.518121653570143,23
30.391171277441895,28.067673942455713,23.94672976972621,1010.2036050299532,11.960920951021913,8
18.807819574590635,16.82677024932031,24.247814826547764,999.3577697026991,17.417840008825706,4
32.82091562438216,32.93283938655607,55.22542904010441,1026.3353752169546,14.316764579778024,3
14.659628989209377,16.783725794347397,84.58515977225005,981.8873658483717,3.7902659482619008,21
28.786467940712214,27.400515451344805,33.71861292912334,994.6145086354627,1.161220432144039,5
24.485046788999828,25.144481236317258,35.17699931503758,983.5855260442466,16.794318159055745,10
21.8991144431361,22.344889909109767,50.65299210000386,999.1412103981752,12.281690712250018,23
33.041656518465366,34.23256339047747,73.63718309322653,1004.3624780172726,23.839338435307432,11
14.511582808761313,14.620959948675624,68.07374569180188,1022.1599570811843,2.203866106307478,5
12.515069247641533,11.734852147604585,57.802043458248136,989.3454767413539,13.484363970600691,4
15.979081551167907,16.936616993123852,55.225344502807346,992.3458247554395,20.416968481898085,20
31.810189720255725,34.22756575352028,70.58785021321407,1023.7494747512211,1.1193093129523768,21
25.908319419300156,24.457459985509015,31.98913874663677,984.565443878908,24.669389934638943,1
28.17894511433629,27.158179917152435,53.81098789907653,998.2525638770903,10.685891738782427,13
25.423772295608067,26.504934417943282,48.347801116333194,1027.7810689890678,1.2650346780451183,18
14.18723621281691,14.048075165805344,73.95701651650248,1020.8563641085073,3.671862824220673,21
24.623099314477212,24.611222743935652,65.13992304008087,999.1017415205636,18.1689014349559,9
16.90692509905057,18.88299371184719,82.12941502713339,1019.9973524292441,22.361634482877264,17
17.65537876456677,16.42656730473022,26.42952360604407,993.2839232751419,14.833591429711793,2
16.689004208188894,19.27352520394413,85.8277923761881,1001.4281918902849,9.192238063408828,17
27.897590038414016,31.682355023995058,86.23308257938828,1022.7133846328766,22.18518684922409,13
33.02871596667669,31.12802128740087,26.839509277073095,1001.234174584848,22.824635160775216,5
11.75166291754856,10.933704718730361,32.90109778650694,980.3609973501859,20.82494355598545,6
34.11555265103571,32.11467220574034,27.071977254388095,990.6458642802153,18.933544516813782,6
21.12682815563113,21.349747779992477,81.15027140318139,1027.2087181752831,17.979109544472234,2
23.512519345928236,23.885792640065688,75.65080758499293,982.7067204201161,2.331122980533959,3
18.827289006110654,17.14268919152226,37.490722568055055,1014.1865346755269,4.277783333435742,4
20.4717224954837,20.818228400492615,42.37125983819988,1014.6697501299188,8.689497608937504,6
15.876798977426056,14.220250144614104,27.917402955120387,992.7396177865652,4.900730042587692,7
22.037669628892477,22.07422180213388,78.44697425364818,985.3578348463461,21.268267114650932,9
10.920644247994808,11.961395407928098,61.770609307435194,1006.6860330676041,14.303443679133837,2
12.740223680075339,14.528733738367007,66.85207914544512,1025.3127118368934,15.842743585577773,16
23.612340546696014,23.878344668829712,49.28683363992901,1018.7030853473058,1.2526757484992102,17
21.682569721483606,21.102588922665465,22.231935664601448,1013.6475200123184,5.910098973827865,16
27.40936164232581,29.90603626353421,76.88851303630477,992.8705615098353,0.3042086345508288,17
21.251247260306332,20.954465331208613,59.11886096682665,1023.8176056513596,13.502685973044773,8
17.057541719770715,16.70435919362283,43.84031561947831,1025.8135418671766,11.120074775915825,13
9.793832836728196,10.01633476903249,39.391781420873706,1004.8622740094781,2.765043787064425,12
11.213043140980714,11.896583202716599,49.882630947631185,983.7511044446459,5.197201381578612,13
28.13279385723875,27.301841175609223,37.627029140639216,984.741521942205,3.618323333451806,7
12.240231570655649,12.700643853267284,45.48847397890538,984.7834355214106,15.039051720547508,11
16.95690584780094,18.436356974105724,77.25893397540437,985.9649790300906,10.74849369462797,2
25.355307350084388,25.835021357918144,52.154055891576945,1006.4887457628399,2.76857800477964,19
20.796282663672343,21.463075222047266,49.1042360692756,1003.2983374093068,24.394733408602868,22
13.074517953505381,11.837418683250316,48.95658665082449,988.4896319775473,7.733169355420297,7
20.118439510266246,20.7418340838787,52.24794814374936,997.3869891147963,18.530942428429835,8
33.40536047004383,33.801561165975066,39.4483029695258,1016.9331026780912,8.474270929788997,14
11.913809778789945,13.096150667645436,74.9418088371456,1028.2729089219902,23.662709457298533,16
20.366091548523364,20.39437758808305,69.71212866131124,991.7464596514571,14.816951647843638,2
25.662364457239963,28.35914191230546,86.00388979742296,1011.8272244288362,24.13727346094462,3
24.149654707511235,24.928882649757547,52.383349035361064,999.6375091769355,9.604728801349502,14
21.92377707468606,22.873333747831488,80.989389168481,1001.3451043661419,9.201742630432468,5
12.329205945832314,15.050391710062248,84.27995247659705,1016.1381016419848,15.76717970780791,19
26.71994314481888,25.850142577490285,55.835704147734944,1027.0200686131093,24.933015290994263,1
10.586806431468135,11.725923422784373,85.32934886653467,986.1617334004902,5.2267821325087285,10
21.85145687825368,21.448224860850697,48.13663472306537,980.462115729054,23.99247001377511,19
13.114501108294533,14.120370393235929,32.575585256873936,981.042261990385,7.427216329681019,20
18.665036141548104,17.90675374323267,37.169551348205715,1025.4680163362484,17.879298815239515,0
22.50214642954014,20.329312930192987,49.25994518442461,1019.9374574476001,5.887861288916571,13
30.45941497416114,32.09209919219974,67.13740353208847,1024.4856860062198,13.243123670216686,8
25.223321659509057,26.425762455852684,74.10117554672972,1019.5329763022805,20.113667303563325,22
31.93274071658393,34.27877268420715,85.31792548180572,1014.9492554087243,19.397427059729612,18
20.079074538919247,19.605167824645005,41.333263895812806,985.6105769623637,13.260267199385083,20
29.34409252373496,29.306119232416435,58.69704130028444,1026.8171376699113,23.327351827746355,7
15.89432458033988,15.102191528894007,49.60135279267452,1020.9416449607058,23.66145236476374,20
12.311853882217168,12.174668997785254,55.680825270172576,1021.7767750634083,22.218193213792865,21
26.68193361026815,26.827303272780426,56.23472549826042,1009.275702124054,8.64565409464198,12
20.753266215298265,23.312601660399544,84.50204153515713,1016.4417073561152,4.304713188894069,12
17.220708820633835,19.476012134575875,83.88089525473761,1020.681394011149,12.275961745953065,3
13.24489763974891,14.413200800137707,71.93967737883206,995.7258786104553,24.495079077603858,12
31.37193661920998,30.296653100259494,27.515278291546743,997.6818931570056,4.890224906304811,6
13.857098163836307,14.09059552979173,48.067922868184624,1013.0565293412858,12.443670423909401,16
20.62135399030213,20.0053068962418,22.674194863017373,982.390553185124,1.7000070911894345,5
34.82151290832806,34.127967410901135,30.983183690228408,998.2522846738057,17.081915260559743,0
10.756414281955443,10.377767105361876,53.678798427179196,1010.4990746407236,5.066797657682617,20
10.846111779005914,10.564112792633681,47.684235332849916,1001.6863941447989,16.63835000425035,13
33.60756050675139,32.87725171017608,20.641588512867155,1000.343205376965,20.78633085613388,8
31.558991663688662,33.13921282266941,88.6968333968896,998.6200333017678,20.52696443617125,20
34.27681420120685,34.85825756714287,67.88174031844503,1001.3715535580108,11.333838447854882,7
32.93860354421186,32.38907120329597,62.67957368757319,983.9391035501957,1.265271018929337,22
26.725905272570976,25.57416458908707,36.81715129250127,1017.9227873654563,21.438828177497832,22
18.24696860576857,19.86440188994116,65.84349862035013,989.408732302646,15.212277164090422,12
16.099811441447464,17.58463859072833,58.33283888999666,982.1235455244206,12.252267280359035,17
15.571854404895948,12.76508997182902,22.30838605778154,1009.6837537198951,9.342429243405576,2
22.146545738452595,21.855355416436595,38.38868339013547,1008.3233302989817,12.633383024428586,3
24.38859296620402,25.332292122184477,73.92882509480506,988.6819656312706,3.9865024446691795,2
12.853826286403285,13.517788201218961,70.4233358416195,985.5526222189054,18.648865447599988,0
30.867463404524486,29.76807912097409,28.89773436069168,1014.7820107859468,22.386132844167697,6
25.082770287648238,24.75869226146932,33.498772625957194,1020.1562083089519,2.284286014035369,22
27.08895263147937,26.79731858996821,63.87618410453908,984.0389606937172,12.571092766078387,6
26.685430989649706,24.89199560403824,26.89462491755823,1015.2418098758668,20.98508359736264,3
16.47488707011847,18.64707642382392,74.79219719759708,990.3373322870119,23.298060892139674,1
13.742173657352936,13.267933089743932,48.45974655338437,989.0384959650452,22.588280647819815,7
14.412516200142264,14.360231677787487,58.11719050331556,1026.7077671896502,13.719807809247115,0
14.655271585141184,15.936963918806438,86.30194317903758,988.2019973538206,8.709701502551434,2
26.378573780520682,25.4563692882574,23.41364231691983,1028.1145770836292,11.580740935225723,22
11.47832871134773,11.827039050675374,85.57974010637108,1021.1898807717517,11.205971163884913,4
12.303839519699999,11.982007115779794,58.41892289154317,980.6321300700009,24.91391848086873,11
32.67943585860677,33.9283708134949,72.47380265043167,1000.5661348411635,15.596563540433234,16
20.840981148711744,22.312942345471598,48.75120804437084,1003.688007686936,11.59329339828302,18
15.225235111428123,16.404787860983873,63.458284294193504,1029.251692250298,9.206505955752013,14
33.900403634351115,32.98479933036043,44.27031328651378,1011.4820617116229,21.726177561920423,7
19.854356096585803,21.211138049457993,47.040139360188164,1021.2835722989739,18.823714991577766,23
16.492510587182316,16.271977497267507,54.24375625864309,982.0122385309626,21.440280883138936,14
30.891730960278796,31.393431472644657,72.48080227484803,1029.3991322210131,4.701218828672715,23
27.23432509832746,27.238168775789028,63.080024052304864,1001.1846575999821,16.8699107400389,11
18.334202053534113,19.597280534330284,67.20055015900172,1023.8577450185597,16.02428310305344,21
23.43924135263454,23.118910790805945,42.54472746370108,992.006331022576,17.66719271151359,18
28.274037652741917,28.956579898225563,69.22960378295754,991.3574544418473,19.462857371313934,23
24.00379340920071,23.738238397375426,40.62909589198696,984.4939140050319,1.994926163986435,5
13.600463826187655,12.930097642005835,63.59188934642343,994.6739288679507,11.585088684650863,14
25.498194739105923,26.68894346302568,44.86987819658458,1007.3869954734569,3.238165247508809,9
17.322262002569143,16.038421042542044,45.16802011640024,1000.5931732693226,18.348168090812162,23
29.074871607171737,27.10785622313362,48.50216170192127,981.4519391329887,6.787914443326784,10
31.3353059948937,33.01728501946549,70.29221248262168,997.1722141647004,5.191866208977666,15
18.543212158093265,19.97056952242251,76.53381086940826,1022.0267939974597,9.225367483648636,22
15.288881553499046,16.74374028792474,79.9600392078335,983.6381188119814,17.703792193515028,2
24.79272804818922,24.694234021554955,28.85249717824998,1002.6507375190095,17.135165576008028,16
11.775676764858101,10.455545641288744,44.28712652643101,1025.2236963640644,15.610012186804076,7
18.666716961269202,16.442072212780342,37.322408686320244,999.9271857182691,0.035643207188315595,0
13.928455575052325,14.80722547021677,66.35625108307151,984.5533091041091,18.672591383888083,14
28.24455858491553,26.136807397679195,22.68806141284412,1021.5708310965156,10.966467110177591,10
12.048932990928646,11.681397849184197,54.932532103285695,1029.4033970980574,19.948669272310564,10
15.769479039063675,16.46552087220097,54.82962583721081,1028.8620782500225,23.945329568833948,9
34.65111538986706,34.62102997405837,31.6576959448089,1012.2182850246284,2.8365125381192264,0
16.663255380683527,15.766745292943968,34.348546297813755,1003.5272342475612,21.992699560101332,8
31.37077426244123,30.241875906647234,32.76346285047537,1029.3451833217628,5.608679659294113,9
21.45035881609335,22.08080189688588,84.7685249159875,1008.5322091272523,17.869233962481488,20
15.99463912006876,14.33740125887555,30.05813376289489,998.6630866014634,24.150302403190135,14
11.985684453791977,14.483900257231024,89.69229412624541,1012.888920361909,9.3499841756399,19
22.234166880524917,20.85052431771897,23.319094529805945,1018.7130284216225,1.0431198213375819,6
24.32811228081964,25.89886767909321,66.36603019389274,998.5947999770588,9.243812699325698,18
7.903684770835003,10.191600816230633,88.47858244706319,1024.5614720515734,15.229371984491454,9
22.64355183630932,22.49897479911971,85.37011570500175,1004.4665415812118,13.532532906408045,22
18.89704650072489,17.040401052640792,24.74574770796788,1028.8572666400203,24.176385080707753,8
12.367114472614803,11.708830007748965,51.9428146675679,1000.7138423794942,8.245695735621982,6
18.224265867875673,18.482631682739186,37.3975020748965,1003.9991532764495,7.991736780864745,8
24.455501276837197,25.167876159571396,77.11690525906447,1027.1171753835679,11.290917117080587,17
25.863553120903518,28.836802766489917,83.27871876124998,1001.0031334789724,17.818825051498287,20
30.064875858197908,32.12137794240011,55.30947278006491,985.5010621495738,9.639072002758,20
31.75619066027598,33.49580309033688,75.89890866914193,1010.309676871207,20.64633585847412,5
27.285420433832552,27.62602265883982,46.34712764141327,1019.3495041692413,17.236989843214936,23
31.00849448843839,30.711732486227927,28.34901704278204,1012.6635782916372,9.855943403232526,19
13.914076009832874,15.233733083417757,83.77843509743703,994.5371932945337,21.064709485841686,13
11.788023973712665,10.918034062520528,54.12274848247818,1009.9587817605288,20.439567196233398,15
30.68782130578058,31.02271776007268,47.40179895561298,981.7371072961164,21.941731696294024,15
18.260781612364426,19.806101127493307,68.76822915112378,1022.5149368285896,12.874560092395146,15
13.230041608484044,11.903271487257504,27.163252567384422,988.1114785548249,11.922635638306877,9
24.701732548084877,22.216079760116642,26.32932844541625,1025.0826693356353,24.87955301562347,3
11.110709708275353,10.61001953891345,55.42978968862511,999.3207780915291,3.7926653875974603,21
28.40660552020489,29.378320584027865,76.36220781522637,1003.0103309078307,19.396535966466296,8
19.97952032739812,19.94664257543568,48.89308241941754,992.08356129863,6.516469961186358,17
31.038238214891745,32.14944370590468,69.02435222065986,998.4187253792367,8.999038122078886,1
16.256488815603166,15.316109409277402,48.669264908375645,1024.5157228106825,16.05033961688103,21
22.649611770225206,22.321614611186167,41.43674716598803,1014.137846236676,17.563702013844424,0
29.847944297325014,29.224685379512763,31.434811482020955,1009.8428430392246,6.587786266222623,21
24.20163081559253,22.87514149274308,40.21669789678627,1005.2088410169022,7.152194455124225,0
25.720779554174683,23.766584486021287,24.51434763190924,1023.7942860683476,24.402379477787214,10
16.87808682619931,19.26605367667227,86.73150173076608,1028.642830235517,14.928767612078683,11
15.33586099768267,15.467745008089581,51.60829159721971,980.9217104850371,8.128686155778755,13
18.319654944305146,18.73023936531652,75.85986246534567,1026.4640325842904,9.467658939134433,9
23.31953198577964,24.502155195945278,69.1679104756419,1023.8302639185299,22.097545374002713,12
22.75491247267857,24.247242121782914,71.62020089989855,1011.5389866552466,4.527017557698526,22
22.027861944767697,22.931726411040234,73.43064383980972,1021.3128864666035,3.004788536138467,2
18.721682769718214,20.29895237585255,61.361034608198096,988.4888469879061,14.016421337517047,21
16.666970191068028,16.261697469812475,26.702793906435037,1027.3825826540544,11.79772774786469,21
19.91431055418856,22.221164506423005,81.71447444227874,1028.9709936568927,20.14823415398664,17
30.47398554961296,31.248983262580133,86.19407744242979,1003.4113202046316,0.5555159879984589,7
24.87588398895102,26.81151245062572,83.37252798632629,1029.8825169187737,13.322140916021741,22
32.51681141488107,30.4194866626409,32.49154718688624,1001.3194947384712,14.018676946844122,19
12.77583444073376,12.99405329548128,61.744254824774316,990.7229114662081,6.22549905266927,11
9.731806704023398,10.531735271259679,85.53141290856975,988.3419117210417,19.110821559254802,12
16.133461086518892,15.311181929886825,55.33176327662462,995.9425904468292,22.496200150177536,3
32.41247177762562,33.221488746139144,69.15150300538187,1028.4450858557018,5.55965440492221,22
19.809938798740433,18.95349291322861,41.06433512157931,1019.4571975646456,17.82264475912094,8
31.809495679895722,30.186003879101563,42.26277281861639,981.0255459660195,14.226164372341854,4
13.162202582403188,14.144363504081895,85.09093376057153,1012.5182780247723,5.094845882498042,9
18.002352875788823,18.868213918255314,74.24008815273692,987.583348017881,3.771951170615112,21
11.210039615037111,10.633715106598462,32.88287243750127,1027.3319363607477,14.39404709290578,9
19.02868783163295,19.523796125586877,47.05456060047396,995.3334315156558,17.20882998850571,21
19.02544755736397,18.92980834982612,50.70587669452622,989.5396132737919,1.6459435541075624,1
32.77359478398267,33.572742597812976,87.45796320809343,981.9725976461345,19.26821538266415,22
34.02651939592421,34.84620972249245,53.561848470483596,988.6109161103516,3.643529396849443,23
32.575491632950836,34.95868778482374,77.3578761676545,1021.6112891751952,24.455591714534364,21
25.293075840735032,24.234434029557068,45.78068273589967,1018.8895790209846,1.685596655092042,20
15.213552596532725,16.44854069287889,72.59963222719118,1012.0024398465029,0.26417806936107346,21
12.822180561646801,14.243947627188518,72.51125830682207,1012.626343887521,15.420959419606051,4
28.932956248083993,28.589847904413993,41.10193304874676,1017.0404682366373,12.893402610359248,11
19.629464136440543,20.456075907265472,84.94220131527851,1007.802866759573,19.453141532163045,0
14.077560810333175,14.195364891150716,28.79628019057079,1026.6213891489408,16.648250780516996,19
28.674729806153042,29.487917535601586,60.28846554817723,991.1749377177322,12.09125947940338,23
27.351623432492246,28.447934833850635,87.46723628317264,980.2140878918052,22.072132666129605,8
17.3008368169356,17.89068359408375,43.96338577226935,985.1509597221103,14.237295963000243,17
32.44492185240296,30.47173176301179,49.49638588496985,1005.7103587238643,24.712576748205155,6
31.128857861231353,30.206705280406958,56.51196590937851,1008.7737638943182,23.33905779006833,19
26.666039371406086,25.38245062674505,24.608089035420765,1020.1031279655401,7.2676213976095525,11
16.599927791273696,19.62744321504813,87.66942980129224,992.6455902778143,12.9253680971679,20
34.91532379037498,34.326919947807454,51.08791036227845,1021.5567382701848,5.721456895587426,6
19.25078762872167,21.489601430340578,77.97489305206159,1005.7383687037722,23.358250205423612,18
17.89221284383274,19.797764073597726,45.68704822718967,1025.5868854138678,18.03170733713543,20
20.831609329707906,23.34006366817196,84.05971742834272,988.0196937503073,8.768830368733873,3
19.113269297934124,17.9500868742966,23.935700639568058,1024.5333337945954,12.838051922812088,6
21.245731557672325,20.017604170861667,29.079438059301882,984.0984388796745,3.127903991237138,15
14.605346510285639,14.87437999750723,50.22635705501384,1023.1513474074812,10.80106783816191,19
16.948559527375334,15.337784157766798,25.80402069761368,999.9021587052048,22.528280982154296,7
29.443551026795898,29.38110129587373,38.46642524624503,1018.1509698907834,17.1180634305333,18
20.490747036613843,20.936873050593228,70.77284735151147,1001.703554090799,8.045687704226998,19
15.298474255898228,14.524423817737244,43.68575061476511,992.0926473532373,18.907373096509843,10
24.607807296879297,23.388845371991813,30.44876088684731,1022.4568318080561,2.8231647822218764,4
32.460865056815315,31.71023809867335,42.58785949544742,1015.3635362972227,22.541728640807335,4
29.24948046228283,29.17970722327817,53.033175739516615,1009.9689611130551,8.850123579531067,2
11.26166707379134,10.913741696202372,30.071330877284613,1015.436428995245,21.272658053774993,22
30.796646256432826,33.34373557503675,84.41378902519918,1003.1776111651343,23.695125459061707,20
34.03257185756861,31.669258862650008,23.873267101434227,996.7123187078565,23.56444329732218,23
18.269702388544466,18.639489646770325,32.62966754569593,983.2627594562503,9.133481590267511,17
15.5037791909003,15.731284880816037,63.872734397963185,995.0478857779336,22.920582300585504,13
36.361721967034285,33.458511420525944,27.32623082425368,1013.9387991760215,10.043630135624463,9
32.220019748157355,29.328546847966788,22.339857316525514,987.9119631337106,3.513093104502146,2
28.45665147512506,29.189190712947955,72.66864632484065,994.5325164682685,4.81297179549495,11
27.936619775165425,27.40199653917598,46.057170663025,1026.5511139535497,9.159584806414628,9
16.38312075659972,14.42526210691867,28.767586176734557,1013.0651981143434,14.853983946991287,9
31.915542253460796,30.142863141705448,28.902771754275765,1028.687410705898,11.097439649814136,2
26.696186852721844,29.02559977357497,72.98487915889096,989.3586557463474,13.564255085201696,9
20.940692293710747,19.805444835838504,48.47665039497946,1019.3306530608951,1.1039012277932803,16
31.203473755158697,33.84081519574224,89.41159649649167,997.9554971483799,14.214554517249944,17
14.556783083047552,13.91092606677715,29.997001313100714,1015.2797894888246,18.932639883371884,20
27.586834072739304,28.43753120274371,45.30781314340696,1022.5918404409466,6.451097350917887,17
12.678482003367815,10.453101026143244,21.539056542752654,1015.8442087798638,23.485840572404683,9
21.625495731858393,22.783559971523445,53.01384556366832,1026.1115434919366,9.379409957827562,15
25.304630758844,25.193803056318064,45.025932989906586,1002.2924817099359,16.2544531490253,20
30.938949139302334,29.30795979339098,29.49630270122644,987.9641518674729,20.217884922135994,22
32.43526474944401,32.710863796984384,49.75016898862383,1003.7825492225818,20.085589227454072,9
24.090375618115434,23.90476731575029,42.050579263284185,1009.4345860181702,23.587480742598174,21
23.280991521572936,25.245319038702927,76.83031898828088,984.6429736471761,17.25583333536308,2
27.97839358369765,27.73302071181524,38.37560229865809,1012.8975414059707,21.017037715439553,16
21.86718317351787,21.519469200818143,61.83776348664213,990.3874636506096,5.2513230044826305,15
15.06970981375418,17.32869325652533,84.03895048961583,983.308436086259,17.006640718214364,23
18.45486147149594,16.835176798267657,25.701304902381143,983.5503390111294,17.745676872996903,4
13.420358058483316,14.570334713480648,54.545642786242,1011.5532889083848,9.54831139672966,10
20.12793677051665,19.047999770946625,52.95494979088951,1019.4974134883519,17.433144257947895,7
32.75881113476915,33.22848800038657,48.97482406368122,1001.7803248740483,19.449652968012682,2
30.371460997575646,30.393634515653023,47.82415946958395,1014.1480796771033,11.083000161977003,0
26.58036820900194,27.281166594649733,53.29928547323394,1005.3841912317542,6.530855025457111,8
28.11117044091617,29.582449573901194,63.06504276178398,992.3229934818753,17.06445342725207,15
24.56502584368333,25.572261895475005,49.98462603981924,982.2743270736137,15.637420927917603,23
32.12495241500102,32.060409210183465,60.032826572126766,1017.9998579165484,6.890884250404864,12
27.824433836712988,28.51190329883798,75.2328422941433,1013.0882577363698,3.4592715453409557,6
34.84466911735646,34.08699868685819,53.34368054460563,1020.5971125650902,1.0867099830928706,10
16.821519646856633,18.4301643891438,48.89875784312345,990.5735160024873,20.776336022433455,20
34.69942698894056,33.21576405288485,70.70956381885206,1027.707686355959,7.195858507537794,7
18.326844354666743,16.724835110877443,28.433727570692756,993.6540725160659,10.979804142066673,11
30.940291625490545,30.99653257166801,72.84527778495352,986.11443605903,20.389674512894214,4
26.82470392929534,27.215790732696888,68.72219848923795,1023.113586467647,16.06833863175761,0
18.139861695219825,18.25711668755211,47.805927069636276,983.8935032153183,5.0474014033222465,11
23.32213615196706,25.50181889821284,64.14447064881563,989.1325809371887,16.626202809564,11
14.879488166210201,15.530236045490057,76.25854163141118,1005.6344036164405,1.1165007219305938,6
20.199273304888948,20.92489714164052,70.89918378173492,1000.6822377422699,22.740344922072804,17
9.374309843576976,11.365860500024308,89.4464530920174,1009.8115539921175,23.27895227776556,5
30.867135607355877,30.444633246423628,55.215082019012634,1029.3456857109106,16.75800164576954,8
16.941866809293668,17.497977787674618,49.63506191455502,993.5634293241588,2.2766588996868147,21
15.730427280157906,16.495089526603994,78.55078161632863,1014.6733452982014,23.561445963332407,2
23.89601224357894,24.560566455181164,55.80679485666451,1018.5834053155373,14.33441970003896,2
30.636104846347386,31.121882774236365,60.35422321979061,988.9199125964291,21.05096959013803,7
32.29810753469746,33.462053955353866,68.28747499301333,984.8125291618862,11.286471150012265,14
22.88013061671469,23.919622773204697,87.08293805369708,985.4929878526367,12.362886423957962,9
25.967334922466442,27.416270596922306,87.50472638251905,1018.182351626161,3.2946667158527565,10
29.010684281075267,30.361712064723395,76.69851205784308,1020.7008367759965,20.748947973882963,19
30.954478101917566,31.7960881936308,29.523936410215008,1013.1361211684089,6.317696492728123,14
23.73077000666789,21.933759953060033,43.958591495282235,986.0652352282582,2.6536163205347965,5
25.301584748768697,24.23849448917759,50.02212019451474,1019.5786954465013,9.803203674231808,23
27.205163521884916,29.864456967504758,77.35994975692556,985.1416408032079,1.97367412091555,14
31.70097748004846,34.71052484908703,70.36908892858044,1018.41824963463,10.016375044325793,14
14.92784259181246,15.393516979411354,74.4514393875814,1013.4450052809309,24.332676987509412,11
28.95614331510279,27.42909230344951,25.872857244023653,992.7170043788802,9.45076917185776,4
30.254029326715415,31.54227259468363,78.21017481373168,1024.6569359189716,23.454578801112728,21
28.161052427814266,26.48764954128318,31.492947483945112,981.7994914434333,12.355898160190321,11
13.371764676105121,11.63390851997356,28.8761259388732,1026.207397456835,14.611748291115326,12
30.591676111408738,32.39186944046946,75.54761815601816,989.3206923583164,7.64397057889247,16
28.346128237575957,28.567663029999526,49.239599688108314,998.1564355244818,8.625516665261665,11
10.56961433042785,12.731605257740535,86.24650573508596,1029.1241325530555,17.04339880164027,15
13.311423230552025,13.034623485560722,25.28689602181208,1023.2329556944945,9.35531989347645,1
33.90639536463666,30.71772459545016,22.747713714969994,1006.7815826423616,9.516706595097975,3
13.401938240005915,14.359160725124786,77.16586702411365,983.2417109393095,17.857949265259325,23
14.530443739284737,16.02009540182933,70.32348612233532,1019.5374059288738,2.4577865059309367,18
13.293170165347021,13.722201258311117,53.81463716353119,980.551404213445,0.9487432559967701,10
25.850584678982106,26.56305710884955,62.17284193200865,1010.967565296815,14.565023419612485,23
10.075442007546906,11.008770671492492,46.597196658182675,1022.018075269266,15.45081210452843,0
21.128419183249104,20.194450860154067,47.87046454660346,988.5377275498098,5.073147142549706,7
21.84312424639522,20.69432834339656,22.46114751898359,1006.5554711272077,4.401675900941441,6
12.13067724102347,10.729244091131612,26.65395757827951,985.5374253915254,16.332256118987086,11
21.864454288214656,19.504890469646426,25.933630809843322,1007.1767189187062,5.975640920091729,9
20.495221203223707,18.630578570042303,22.18494922371233,1015.9831962798356,7.060108221146607,0
17.821951416330126,17.698248539779772,58.689272303187806,1004.7920015552012,17.389629357588603,0
12.498128113306143,10.773894772983589,26.013727174197435,1019.0487200359026,13.375730319219597,4
12.448932242716138,12.38402303182509,46.322925377640956,980.4792820072197,21.50875837021391,23
9.221742100993879,10.2079985556798,50.852846040892246,996.4865553573106,6.884392036873615,15
26.069718768734873,26.79272148110152,44.89353994802959,1009.5493342484067,14.299798632667704,18
11.342986669900789,12.349548496021725,82.37980642554565,1021.4464945596507,11.228492211484776,8
29.748396318526943,28.99559146070971,22.06793780280453,1016.8027007241395,21.78630161547108,11
15.361793624483099,14.450899171743785,26.54915848386349,1023.431408525518,8.077218682363807,18
9.293635350557635,10.45581456690904,75.93575020403681,999.0787193912759,12.260259028420132,4
10.74138623997896,10.159646792920839,23.914844508975797,1004.2910279430199,10.990430750221622,8
12.452020144980011,13.20985723635313,46.88133517754707,996.8079832492549,16.3282667572414,5
15.600712127868647,16.882205336296504,87.35301366442602,1028.7771596861976,3.203874614078317,14
22.71450403708901,22.27739323457913,45.42323866013575,982.5635166231576,10.991538309264765,7
15.08519790262849,13.500602438832942,34.54766890211851,994.5911593786984,8.103860074054328,23
19.76050249498523,19.28668156560942,24.890334447926318,1019.0358997853261,17.55283875429214,0
20.148704522092245,19.55308736149933,40.02420361614998,989.7116464847791,17.62461596193952,17
19.119206144814257,19.92537603092979,83.96092458045214,993.6995300236294,1.4917913920624164,4
12.988808242680344,14.38428196558624,75.30582749800064,991.1706272464812,8.366625249613621,8
32.824113450931456,31.211794360156617,20.8525884791579,986.2211688453607,24.45245298289283,3
17.227158068709784,17.186541622431253,68.52185521776921,1008.9610017613779,17.717630013725074,15
33.73395387659993,34.92373543529174,61.077431155149455,982.0801616677661,8.449900782798073,0
10.252985540105005,10.483190772940025,73.76625648930666,1026.0698794000098,24.227913273518464,2
18.855401959660547,21.217340565563266,70.02872623046355,1004.1269203733336,7.556234872829936,0
22.244007532767295,23.540855366521672,67.13938102380028,1001.0145130027128,21.53687030856736,22
36.54000946480017,34.92811250394278,23.585700748301928,999.1886965177812,8.452773018403303,5
29.022346430452814,27.73597161584937,25.575159032433607,1024.7834606318947,17.606582170508645,9
13.964410688225678,13.873132778586067,55.954336875005566,1013.9269622107188,16.954482335301662,22
24.542143857663874,25.108982992869276,78.11751349469695,1019.5054756133547,21.303317990484658,8
11.945180276398522,10.080456590106968,23.39249627330756,991.5470179610367,4.071457290945693,20
29.996859562930112,31.412246029708058,89.67950590478193,1014.4614868181476,12.216097427468961,16
10.587464983165809,12.243987514003928,78.16457435752953,980.3865133670174,22.93517315231871,14
16.585472946646245,18.132265459043694,70.0963856450618,1024.4495819278166,11.443734184554982,8
27.126866342437125,29.57996033246565,85.15830049230652,984.2338077621345,7.677060327083529,19
15.10290526735104,16.058842378419058,62.232789595121886,997.2049882014868,11.68850655667173,0
14.609511545047592,13.107430587138618,26.51121864838725,980.5577293655915,9.042270282506323,2
11.545381617549168,13.138755369066335,65.13039841672723,1017.7261653712783,9.526766910860557,18
29.033813092927062,29.50940308927451,20.3744292085956,1025.1872885304472,4.667357436535302,19
17.120706079233674,17.18053023012877,25.059019630794605,983.0985503489705,2.9663961177347486,23
28.571720491589602,29.879654869217593,82.11971747592521,1025.4129277338534,21.25906969144626,2
16.112532421385026,17.61697847745102,80.1121477970706,990.9900355980961,10.58147856914573,4
13.961823318416519,14.409674662655583,50.24470995466324,992.7714140523045,3.191665874557634,19
34.368404184165804,34.029764095597855,62.793915937340834,1020.9271289952751,21.541428887426203,6
29.926746620381003,28.365207517763377,26.19656206503099,1024.264141454845,20.107336594427853,1
33.64450135487939,34.624741403521874,58.96964795869977,981.1980692562134,18.482240718660925,14
26.195150141493702,26.48557405204994,71.50025907446769,1006.1987101342856,23.13387267747795,8
31.543432047101838,33.694492449230744,79.35801853188133,998.2250482274396,3.940855792920445,17
24.76166964137086,24.38983571600205,27.41691379408334,990.6425385479957,21.66642310072266,12
9.66684198104868,10.479806920576417,67.5420189676595,980.2797077940935,21.061803214833947,0
15.89561345335696,17.280728504951046,80.05544397981302,993.0105683967877,17.209917623172707,2
30.213371051857937,31.794589164805043,58.2024775845605,991.5950560884457,23.969615118125777,23
24.815697215860986,26.680308429854527,82.99366803482702,1002.7941294212052,18.93841966993073,10
12.643928778205755,13.360878235203046,55.40664558146308,1022.110504010513,14.902463191752394,0
25.926262209771895,26.240822476180366,35.98318766580276,1007.094008663811,6.011139091897732,13
26.463821083170103,27.386680167246553,46.85263282486109,1000.0451361289563,12.759385165721554,13
28.196364186645404,27.656055678912406,22.1247663873103,1002.7973092884331,17.51644572219635,22
33.54511644588349,31.840463218430383,39.174040944093264,1026.6133919419083,4.612196929109944,7
21.135693263266432,19.704142653174888,31.079813548956157,981.414246414549,18.463926015838915,6
34.17550083454752,32.54435071365572,25.215732327304806,994.5756929172177,20.716247749065015,10
19.10854207752846,21.057345136278382,80.37038910988099,1006.0311232585726,19.14033210055413,0
16.712769045384775,16.968996810363826,62.887904127222505,1009.5834410296752,13.8710547592902,14
11.477569556231847,11.340869788020772,40.11312332593546,990.9219122494341,7.428732967224791,16
12.669799130486902,11.654129720861011,35.606500599042754,994.5479215258981,11.693306777861762,11
20.42198366352469,21.191835635260457,69.93252106508906,1010.664167342095,14.882768796086253,23
24.629672816823316,24.40720900417033,39.02023192287258,983.3398538631086,14.218198541203996,23
19.118933480681036,17.744696480227482,51.87301248660215,1023.3809433094566,18.142296222868644,6
15.989230061057325,17.43094519271543,86.31995986418552,1007.5147761591564,13.138518278142906,10
19.175364663908,19.421672008679714,73.78799502641459,1018.7424923267049,14.46119389631741,8
20.278694869022495,21.280983604524703,64.61832285828285,1007.3935405318609,9.349256481933315,5
21.3555251745182,22.31545234982174,77.84732181203887,1003.6140482164401,5.159668556204519,7
31.595827857750802,32.46385471317698,70.23733104554498,996.0731238973902,4.799387646480946,20
29.12593904790245,29.994584111144583,72.66817176036271,987.5172937365883,4.991200479533353,11
21.4737277600667,22.212390816497635,65.75595334839343,1001.4484990358753,15.193068695928158,0
19.723798515698554,19.829880025698056,31.818352465679904,1020.0346400458366,21.342392849525986,23
27.007897744228273,27.002797136174316,66.2509175176406,980.2050725215083,11.264928227589996,5
32.69366736093655,32.887207439701044,58.237332009159566,999.8939293738684,24.834187522052222,11
23.130239500976323,22.419171471479235,26.063383259828584,1015.7552806809044,20.446851589761813,5
15.238234946158789,15.750220932192576,75.22397740761069,1000.7855654574925,21.635397044711095,10
34.92757336064389,34.59197313158534,36.15142131449377,992.6371334374227,7.441612648232857,2
27.189194576038332,27.5616242636026,59.38587960319197,992.265524899299,19.788315466672298,17
35.23180498784563,34.518483589585735,34.89950602268502,1018.274925020265,11.986155718425145,15
14.445045496910616,15.372815925909896,78.10228785396522,1025.0594560977302,6.69120405917123,3
29.381479577166004,30.263833269545824,73.74352324000364,1007.2100001056814,9.358139115321345,19
16.42926089640513,16.495330218625856,25.185243504731343,982.1391634123634,2.7786956866777235,9
23.613239431621103,21.88689288081834,37.45067450032279,998.5555831888294,17.279428614435574,8
21.33663189853181,21.16786318146301,37.644892079512005,1027.8263874539005,15.405046463932411,21
16.38835444453387,14.664175601282643,23.934973382191494,1015.2293016066675,15.47305890586804,0
35.10341801885612,34.79906868096608,34.08210769797305,1029.2342776957619,22.902771096740942,16
31.28878367072682,33.611214567357585,77.83521630426542,982.0009820369503,11.325600340030158,20
33.54085876949689,34.038768303439156,35.92137778453598,1008.0637757428107,5.969375207989,22
18.927147082187286,19.69565224792328,50.889203572504805,1023.9531002276125,1.1694287547528326,23
17.250806821544817,15.222068100129093,25.056054379073448,999.730247583062,7.559962995724442,7
32.6474190342956,30.104139124597104,33.225086963546666,1028.5648113714274,9.811121104423123,7
34.64052456901965,33.82037542506265,43.45059989703871,983.6341955501312,5.635052869220006,14
32.30664462610439,34.602757975912446,48.70166507192201,996.3773635469247,12.10920378356645,16
29.97432552921351,29.45063107861633,47.16931567015745,1008.3582273147936,24.725981043894894,4
29.05824165558654,32.20295472335089,87.14648047266755,991.5570171004924,5.597703288527859,16
24.104372545275837,24.821004512702753,73.6034324733278,1029.5753844139251,11.551495047365757,10
29.849158975443093,29.71493028061327,41.7259622375684,1015.4947716690726,0.4014705670028429,18
27.374988422244996,27.47372071218464,49.64071634298547,1018.202779492622,16.220646912515353,4
32.88359228076031,31.857683353427014,31.98293206845877,996.1279618316635,12.847617813741822,19
14.827683009585197,15.267624096680079,60.97627959536695,980.6328914242081,18.05583140467985,8
33.701262748826736,32.941181947610836,43.24517235766743,1009.3966866517133,23.868841973648923,9
16.447588047362732,18.5454337924469,74.45894800996558,1000.726041469509,3.6047365976538264,15
19.670965428816483,19.477351216798404,53.76965211163102,990.5210241870759,2.9725754419498345,3
27.514514889475798,27.8044805336884,47.56285990957847,1025.3177105547823,13.162890413040756,17
28.20146025335227,28.55632967997718,63.36115516727073,995.5622626289298,12.523235110412637,11
19.570115350419357,20.395464200460275,66.42034805798758,1017.0152395377991,6.281479086678177,5
16.00175707581466,16.060243310377007,61.557923393611325,989.6507492702849,2.0798419212876813,7
19.937486862085542,18.53119569065391,20.697846431416295,997.0458204596046,10.679529060209294,6
23.326124078504556,22.63637794776125,53.96789229030688,987.1392425069782,1.914216045502906,22
10.802367073822023,12.086602124734583,68.48009600543072,1019.4475448270616,13.59316837075412,22
18.88226062730581,20.080193903331306,60.20054777960015,1006.2142991687375,7.87664688152285,15
24.253993415856847,25.585148953986003,83.9670165837461,1029.5054891867458,15.452265579124761,5
20.246868033160982,22.1532621303731,76.6284424729596,1022.3962081139206,13.770408136267633,17
28.027478258179706,26.595611871318127,40.39056230438537,994.835314458495,7.175004476974248,4
24.57281495481656,24.844515798586304,39.595613078433466,993.10819552044,7.310112339012837,19
27.978592648760753,28.148891971755983,71.69822373778744,1015.8717225439127,20.45274461860419,4
32.21254208587136,30.971346547601723,35.35066977533815,1007.65189219948,3.1220828310161544,4
18.375950466540463,16.414069592534094,38.80192530402182,1004.0638075255808,13.65361176158443,6
25.949656667732484,23.88408877344078,22.629636068078643,1021.6995381049549,4.67338362604191,3
16.992429772435845,15.549304048323735,54.15301366955113,1026.6080859606816,5.584285945684223,8
16.669324390193687,17.204613148988237,58.97910891941938,982.4883598294288,15.787477666837441,1
31.068411794681726,30.06600780882324,41.65269570507561,1012.8206567114836,9.316902387395947,19
30.02403805012581,28.287411601078478,20.679024844612954,1007.6473446788946,7.515672663466214,14
34.21760668334936,34.385259192118625,51.52682491273056,1026.9609247438843,14.364456163264277,6
13.343063797070693,15.954569526168163,84.17292021831227,994.2270305136028,8.731622646190973,4
22.115918702592285,20.637333361201883,25.115956371830517,1027.5801781249895,13.057236832779298,5
11.40526498132849,11.86376609199427,84.43751195717883,1005.1788448169295,3.5176957706393566,8
9.477952510924334,12.637085686525891,83.62424208850177,982.5777436633126,0.8854743320215935,16
34.123412120649384,34.196500871125764,29.16167969875032,1005.7773497037571,0.30468877529356286,12
32.319502748061595,32.60396736234371,78.54650041872796,1026.4261037521214,3.8539012406335367,9
10.98967832242639,13.156618539112568,52.07773203355335,1017.6606719369439,24.297853253142115,0
22.1800020396027,23.06832073454985,79.07954303594174,1009.4559367990119,7.58710521378902,17
26.841928190336752,26.812681566841228,48.551944879525124,995.7593645076981,6.794512529779931,18
21.927667471505586,22.676491168467958,58.38806557193382,1012.2120700412991,23.163638535890684,19
32.68024817436377,34.29455206802402,85.27966960941727,1007.6714780581864,20.482969058674115,3
21.967769156390805,21.25875964451982,31.634037576612183,1009.5671294899321,3.2006190715269196,1
28.51194353057789,28.716130853155,60.61599725393992,1003.5380110833851,3.10400466369527,5
30.404031155362773,30.65161711370714,41.3903521529478,990.8378855660992,23.361392169069536,5
17.668736157773825,15.868860543124283,32.293852589760164,1003.6038917340006,0.6107827326922027,8
11.85659598954796,11.690314089805373,29.034558738034406,997.5720836735342,15.044111052761732,16
19.882744640222583,21.25927340645463,68.96695092818004,1000.9184455066004,6.789973089509943,6
23.183440366703817,23.129084591676506,62.488118139198576,1015.4073667299278,20.34370738918869,22
19.572824058068296,19.188360557288284,59.33138693690592,993.0563572216538,19.56551972692523,1
22.88907875118426,23.635796735172637,83.75769542312773,1008.2220920826907,1.9352918556323262,9
25.128790075186778,24.58421912742899,42.18328964044373,1025.5727001727419,7.345050720387686,2
16.604729566707626,16.440180508343047,35.06706743506676,1010.648867079468,18.325794523647467,15
18.98319440382799,20.09002505903978,69.35442989437654,1021.981224793078,1.5275739121650895,13
20.27376981045261,20.763395522825924,72.23784260451438,1007.0717238304923,9.822307395779479,1
32.97545567422878,32.41971024765029,45.204193135150824,1022.9864391751116,2.8573670285595876,11
14.922286036174828,16.32145295625278,65.8234835460824,1009.451947030417,12.31105652166254,18
18.871984702138484,19.22284098924431,79.06101548971802,1012.6801476267614,8.098478004017895,6
29.276083586014835,29.42867289818592,40.280958861675025,1016.4451067895375,14.155120587678633,11
31.3129517675011,31.58334123929563,74.63297968661084,1029.9667561415558,22.160901383884763,10
21.109808519178767,21.101093730055073,62.54339381203972,991.3165419868537,23.665793649133445,23
15.885348409002145,15.106052659210722,69.98609158795122,997.7283910558075,12.339435966804555,11
23.59672523099118,23.660757901946184,50.70701877621342,997.1980306791784,18.463746859252737,11
21.55332472840766,21.294191968430727,49.41747212652793,1017.7187977762455,7.470505870285438,18
11.721197194417297,11.923830040730229,64.74412805729719,1019.9385914557314,18.757810959492993,13
12.954592157884143,11.775872226100054,52.01216269249742,992.8670994094766,5.814839974393976,8
20.42365959197661,20.27571174516762,23.705515489817277,1021.082329858225,13.343833014844652,23
15.903382172652021,16.241723818505754,21.428112748174442,1002.6966480871495,23.9888353574975,3
30.28142409834456,30.739067892076246,41.38109585839372,986.8551594037165,15.027426534312733,12
33.92262122626526,32.70664714916634,41.67841977736324,1024.43466073924,17.619607336193173,7
16.894286143251566,17.903902624418762,89.18593967050998,1015.2042834321168,16.748729525077003,23
10.283494571622327,11.566330086383863,76.4134089773409,996.456835277804,19.924369472395327,4
12.979379928401425,13.109209975012755,72.30572515620108,1011.9808366216031,3.9192359333750564,9
25.2202991550792,25.916742054180183,85.7103511384504,1023.5052729172052,9.070500761783288,12
32.6457463982043,32.18031856440816,60.37655437467791,1017.8647786035597,14.884334163722338,7
22.418867945225593,21.71651604985316,47.36421987888136,998.5160087725261,0.5451698281098899,11
33.43870940264124,31.77422809365214,51.01891417260402,982.5565819053348,14.77655195122473,14
33.15514341134028,32.54850491872875,38.246646779347124,997.91838161662,19.54985713777651,5
16.199021065571326,16.331809588067877,43.97326534304129,988.3946345902507,3.884258898420803,0
19.851734193871785,18.85678318043039,28.80616354422359,1015.8045958915757,19.34951490667276,12
20.22356450793233,20.921267565379488,31.01601083449373,1018.736081130467,22.249115187522726,21
13.661496698865129,16.79082953185924,87.04847131139522,989.637716094352,19.29545530256602,4
23.285852385051058,22.18163385250127,50.808453968945535,1015.9598280256828,6.1592849656995465,7
20.95366065663998,21.310987903317336,53.21734938357085,986.0811445340047,7.477005291385283,19
14.429359943337648,14.427766985176223,45.777507517659316,993.7286157775511,0.43364817134294853,21
18.33683984553194,16.219794718479427,21.678281316357218,981.1125175963166,6.513625352743446,4
26.480860566152085,27.13609708054754,76.0946440789174,1027.6646198183146,17.880732244407454,2
30.433132693779115,29.68467566880832,42.46548068236083,1015.7925007763406,15.738976399878663,19
22.236019683493897,21.004974948887263,29.555210845850752,996.7038608708924,21.757594462496062,16
22.332107309950455,20.820400055236732,21.801968682305134,1000.9694918984195,17.93319467602174,15
33.463440147034966,32.51045142908326,73.57214096677704,980.928535938255,7.0979349916107655,7
12.426271074368477,12.717063484367301,55.264141060724384,999.9700150889147,7.649910218930914,12
29.20979032705723,30.295167958772158,72.44520155636287,1018.0415515009726,4.192569399743173,4
14.324092522373922,15.16053179401508,87.59268819666188,996.9746957529971,6.484790185521397,4
24.55878468240491,25.000513702982595,41.214603282257116,1026.634095118025,17.04993618201834,11
24.41957854024595,23.91161593372055,28.58082095550281,1015.2448454477397,4.659130773262932,3
24.068602531857977,25.426662902945033,40.82995015085708,1027.9345326955877,19.895816473761037,18
15.304528551253934,17.884093581652937,86.43557222279718,999.0287970689053,12.344719256410203,18
18.686746337756105,21.450715414596715,80.17658833665327,982.6295735620339,3.035553058281562,16
28.691893820519184,27.556469150791607,45.3808248816274,995.6939686741882,12.648156362304261,8
15.539550610693732,15.739954018849216,46.56229664154254,981.6107680225186,17.214988016887382,17
12.162785688834918,11.446111236179014,20.055265776525314,1011.4247715044531,4.509494221876784,12
26.054485172363904,24.705056673709763,48.21271305349925,980.2063577337302,4.1744470557252615,10
23.756220622306316,26.024138202468944,82.32117899794642,980.4387377530959,12.366707055683584,8
9.069262618366134,11.179917542434476,86.36372972970231,989.2787301372524,17.397366286584468,2
28.161949198565992,27.680965857834966,40.959618736217465,997.5608509819244,12.34937470763165,14
11.445468774964644,11.240359333470936,29.515292315712443,981.2980509176961,24.781662468626088,19
26.834927963956332,28.25622973823928,76.68519700816732,1020.6671664522554,6.78422537562641,6
33.29339247115504,33.67726667771298,49.42347724368493,1011.2167763275603,10.746143592658756,9
18.713244295763896,17.441256939207012,38.51824003582292,1013.6918980583489,1.5100467198231744,18
11.925207049653014,14.084168959960504,75.39469065566341,1028.1037689018613,19.343293423444816,17
11.778055712780999,11.097498566075128,43.87335109814365,988.9137404161021,20.851056698166758,7
17.315746802008693,19.512942746747363,88.78566880454984,1005.1635224050292,1.1886902220290874,9
25.910013554980335,26.89557312760184,59.58902382584709,992.8557331502072,19.824555893120944,23
9.414042001895838,10.27578161071618,80.3290676306381,1029.2468934485432,22.726813159032364,23
15.928154108495157,14.075477845372156,37.20252185301215,1006.6199343613456,14.525405906206737,10
30.34269801718486,30.46850573710127,53.65503177258091,1028.2951495932905,10.682042703183193,15
20.16143320602137,20.469832976854036,62.26621551906274,1001.9746256284932,19.73307525902909,3
34.30113562545361,33.76327631465509,50.11231359110192,996.4856087707102,6.193404100877895,23
14.392797518422237,12.697285674832612,22.794577279462587,988.4070542947373,0.667328964671357,15
25.96221447617235,28.448194224970006,80.89341537232247,1025.3644780726286,8.870035482034336,23
37.15065581454932,34.940707435053916,36.90543587992429,1024.1405899433685,21.03035363777633,8
31.792610335162404,33.368247887207524,84.04203050850528,984.8789584788135,24.90167387986992,14
32.45965940149332,31.467453031114346,33.331989792103215,1004.6374448064669,19.959903725074774,7
17.840055642357754,18.195954971250853,28.576339977596568,1019.0386617443595,8.45541292956264,0
31.450127096327485,32.43039394883317,69.05658926012183,995.061287403114,1.8361172751440362,22
24.02981807314645,22.638019793087256,36.16591652191211,986.5885444298518,16.161713010788738,10
25.32114730215539,26.483848055144566,71.04681743682976,1013.3269227648844,12.35785620125149,11
26.24591227606658,27.90376685557984,84.83350904902386,1025.0612011488895,7.9080514252370175,7
22.512243164454027,19.945915637553924,31.080037924136864,995.0295561390459,10.716139232879568,20
20.036574834670045,20.241821732312978,53.31344292312405,997.4348947680818,5.879255978115294,6
30.6533470689671,32.912228777887854,85.69277486560688,985.916203650157,21.06166018031564,6
10.451474683497286,12.141456239910763,84.45295157383136,990.7535735732527,16.034170480632557,16
30.687509441699863,31.021789485648064,23.83214875817166,1013.9030188393838,7.860250659344883,18
11.029643522296618,10.15117607959946,21.617746792745454,986.8608615805033,5.4286039459979705,2
18.46335424694084,15.650724945399993,20.5848292920497,1009.723692745631,11.47824769438591,7
14.096485542472635,16.225218402727247,80.08613658327437,982.292600918735,20.674421930523682,17
32.81444033456998,32.606082285189125,58.80258186585588,989.7633467595527,22.02925221185436,15
23.766667748926825,23.667392051803255,37.830435032028426,1008.4104170393746,14.870759433974667,14
18.475965516883505,18.019501624293397,34.636815521273,1000.9223394858114,1.183749433170986,7
14.0438336409126,15.380046800430938,59.05154285045199,1022.8997611363679,15.300023438921704,14
23.465666682855236,20.889582870323324,28.881097964416533,1021.4448555987939,13.566482053414191,5
35.30926288068543,33.60666222783585,26.35046179234816,1003.0163492388916,20.225463556667435,17
9.917928476818252,11.666301014017249,79.54061381146195,1001.4928184555606,21.955407756855074,12
22.580027285010225,25.17723946796885,76.4123818437798,1018.8415684724145,22.467670739369826,12
28.686368039336855,28.053580886397647,55.892492985575075,996.5155502698424,9.711591065274913,19
24.049040774782107,25.375324200971665,88.2671174698771,1001.8175597151806,5.100215912769176,7
32.13844233574294,33.77158905626026,75.89174535358333,983.281399766787,21.500418822738634,4
16.587204839733165,15.212762858933395,43.240049148237546,1008.7135190128544,15.690617523076329,4
12.97676553146986,14.881015073912302,81.52168021389966,980.1752331765529,6.1426273121168915,16
11.2403812210723,13.622371802280577,83.61785484018036,994.0108203495286,23.859465005522328,21
26.94113077210017,28.446737964038252,78.83099253822141,987.4715951071009,23.26759982981185,20
24.459433008228814,23.60643342538127,46.81710035134091,1027.711567873821,20.889715222323126,4
29.368936739866236,31.818256262115046,73.98701518232247,1003.3934956816965,2.487485356415392,1
28.106765839177058,29.559637101456836,73.64458963901731,1022.8793837881201,5.939146084587121,21
14.0380511901498,14.041785905924048,79.81980648228486,996.18313905179,17.674924090760456,5
23.23673515178955,21.207976384235554,21.579800824166398,987.8844336036574,1.881440032705145,22
28.973578029925196,27.860604101781057,31.474418343286143,1017.784088852476,14.386023163266634,23
20.869017586579854,20.941533203705088,34.02378747675096,989.1869462921214,11.547982335265935,13
17.158451162010323,19.42634827504247,67.49619486390901,995.3971853830966,23.460546302469247,16
19.009263405809477,20.11318463934674,63.2408846843256,1007.0032857642086,22.23225055179889,4
26.055964477224823,26.68874748228676,68.7909109753984,980.1964660711109,13.09779191760993,0
12.906146062282389,14.263103092182288,57.27296355187282,1029.24357830568,23.68807451378095,22
34.82254165907719,32.857470164012476,34.84568662341644,989.9052097120543,4.31601601950728,2
12.64229495717192,15.51924031971901,76.22193581429117,992.4371633145591,16.138349772003714,13
29.536696236489753,30.62623525450155,73.641284978323,1000.803511777664,6.474554435799168,8
16.188394520130448,16.493844594008156,39.927231719252454,1022.5641106108266,11.03418900799474,19
15.551344038804386,16.770806281551856,82.57534574689933,995.4740789597433,1.6918384164495843,6
20.7601106425632,22.096505471607784,46.110496991499254,988.0257707640345,2.664072093526293,19
28.486088202076854,26.90443905188585,38.36912571873501,1007.6700013416707,20.811950000797722,4
11.938799460464473,12.28478715829441,66.4353827669545,1001.8224199411557,12.99588417887837,18
17.478178730486608,18.83380570065132,43.364361794885845,988.3272794296901,20.243842935891596,20
9.945387876460234,10.229926290415742,46.404124772034706,990.259141669758,10.030370692783222,22
13.781695454020612,14.980381872351328,56.94684758069345,982.5831087914495,2.8867443794471983,23
18.226501059448385,19.569969110909696,57.160132400193305,1029.8690563406906,12.597429957314565,17
18.96800071514617,19.52478184171,44.01308040551071,999.9329643759206,22.250181867351444,5
33.5942409137979,34.396301986563365,57.48797311684588,1016.2102456404185,1.9022342837394068,18
28.507283421418734,28.471666928325817,70.16423556914219,1018.1085552741839,24.19467979833623,11
13.636785455255774,12.768014833157892,29.486181149252783,1019.6250840930733,18.09919684433792,8
36.207162753456274,34.602086729982375,43.33099019093675,984.4487767934669,3.1945738643460815,4
34.68154615516192,34.02675793673638,21.16700854197432,994.5788384787883,9.141054067605284,18
12.64482862560206,13.920317632920142,67.00582650967262,1012.1589308434948,17.474535065268864,19
30.695720170188316,32.74067048591481,84.00383098665385,1018.9276512759271,14.8638140590237,10
26.086307495544627,27.29737994231733,35.314019588761575,996.5606907311561,13.387709724112442,16
18.93853107345482,19.864307882973094,88.43989689778499,1004.8969026697803,6.4844998805295155,20
33.263305603616935,31.637678147349508,32.31231983930635,994.263899847044,8.016618155571248,2
26.081503703310787,24.74794217136583,21.725108324542585,1015.2556573319497,5.831358045563712,3
11.206395931799136,11.674340300631789,87.86075629731148,1006.625743487826,23.044943912587723,9
25.51191298802263,23.527845621971117,25.47694690060159,984.7156325731373,20.539709037145343,17
30.046571791257122,30.426801773732,36.47682833288503,1003.7963348682482,20.500695556635627,14
17.96556067382267,18.52665877625646,47.15809280785204,1013.9658332656777,2.941912816132475,8
20.16926596961906,19.793561264056954,25.585238654380024,1008.448501688062,10.196574085641547,8
23.157329514719564,22.308137000029546,25.483675243340468,1029.6085857224205,12.874696368195822,16
18.96670486874806,16.86828813798799,22.75043616054847,1000.9827372429503,12.465611581657088,23
21.29283145434994,21.93540473700884,46.677035952826984,997.9073433200847,5.859289660095143,14
25.462053177660643,27.549171931442583,85.79470610199962,998.0231514574627,8.903479050374205,6
15.899482678546441,15.923333122666216,62.43516495545362,1005.6142371525107,2.288793393781152,7
26.944273189407923,28.864234030143415,87.95979385073902,980.8694371462717,22.424078042765423,20
24.751346533749533,25.455451582906527,67.38105930793036,1012.0887702220506,14.887565014320195,22
24.296388708539503,24.770831514225268,70.43197190239293,987.1845803630868,24.947117705711513,4
32.77317301284791,31.11373496337676,29.023180955144927,1003.45830242837,18.643783249606923,7
35.56405865377736,33.6191432470607,27.30191611463175,1001.3920285313526,22.55769933605247,7
14.678834256921725,13.801214185612295,35.5045484201748,986.019148238731,7.596536599718052,20
22.518888766647528,23.24126445890016,85.67268207673057,988.528018900326,5.352906085323389,4
15.990299626943868,15.679488925587872,26.777311169105303,1013.2187705425781,0.10151465717189168,17
20.095376810779918,19.878882436807626,53.80261056190191,1017.3283336901696,12.2863535892013,14
12.778777727546851,14.435719236742672,87.04366607233558,1020.4551608411523,6.713852655241986,1
31.146398060051638,30.23402888696284,33.48734775406902,999.2097092462989,0.01385461463134785,21
28.45113265142585,30.34925673765047,87.30806060167767,986.3528132678837,19.734574017215735,6
22.221380323722528,24.383979328227465,71.85459070124708,1011.6200447567599,16.111950649497086,17
17.79360218765272,18.698535289554165,52.32645370934131,983.8823957676645,15.377124162192086,15
14.688474685893604,14.52958197625207,35.91952101064705,1024.7114021370123,23.04586274917768,10
13.238847886813135,14.030532181350111,80.55497695627757,981.7874197232933,18.60588146093097,4
17.553165879444393,17.97167045802847,68.12058026586071,1002.8052699758606,8.755048132824209,11
26.179595603063724,26.440322307508584,40.995057823114635,1013.9472712140335,21.646036885498553,17
28.91655235229368,28.686773453343914,43.967658630710176,1006.2601100115398,21.905582328291022,17
20.577362985671243,18.54680415096715,34.708244315815016,1025.2734346068708,22.73922358361469,4
20.83193164732762,20.808655660083684,31.947420471156356,988.0357792445752,5.450412463298465,11
29.425861869250838,28.90534034875442,47.32635122328677,987.5224275386608,7.38881246588044,2
14.394932182913847,13.833785077902006,38.56195188283489,1019.3326258038173,19.965325398086275,17
25.655891893516763,24.54341618552967,43.5315737005706,990.1943237730262,11.24444853914258,5
26.990300096745237,26.230257552901588,36.91612445734296,1006.2625232415244,20.436910982623015,14
15.831462538627338,16.14618606233501,59.19251710751646,983.1537587171483,14.2642677282597,1
30.208539997079953,31.304537507963502,46.95406390032732,1000.0949353977983,7.670953267565459,2
32.574612042763604,30.96229584607562,36.35263224253658,990.123928207069,18.09198420232019,20
32.462750756293765,31.703556359437634,61.66937887728382,1004.2106532879895,2.3297196493078207,3
32.11644859206947,32.177160606627936,47.105619884714486,990.073074789658,5.055377186474333,21
28.971666060553726,27.848815812664746,25.192333691601856,1015.8418603366952,16.0371867701397,13
20.348340941191243,22.63130931119643,87.06966838631473,987.9426345971978,21.119759007239043,3
9.96869270477353,10.984795842320485,79.72210850527057,997.5359254727125,21.273270685831026,22
26.034753438630307,27.51528740986129,76.99461369382641,1011.3662234761586,16.926017128692934,14
15.40513272113477,16.215122115332658,86.32340640769372,1000.2591051900481,7.289634337804881,9
29.682696048608864,29.821360475845985,61.47380957311175,989.3255506252029,23.341438635206792,13
11.460361958553733,13.196670030560439,60.391428118339086,1024.31478723757,1.4251648662423095,14
34.330416953586536,34.913157719965476,71.49498620079557,992.16762470168,17.90735826217096,14
10.96553383982402,12.173007202185593,71.91788902942761,1026.8343963333575,0.6507387454283725,2
15.04584547315064,16.366016369094098,65.95938916797566,1013.1092942855917,14.726503838132283,21
28.820418010871688,30.44585540437554,61.47454354234835,1010.1708789236142,9.310592404375177,21
19.72784800151172,20.269720249990293,52.74616884261374,1010.6526012934739,13.36666887232206,8
15.941835724373636,16.685050696438534,21.039928575525266,1010.068810572158,18.779790911284643,1
20.280112655638135,18.646936518446434,24.312558970472846,998.0058857744502,24.545200567945674,2
20.499938251618495,19.86190696425088,42.97785624941359,981.1079767772261,14.108529196828767,15
30.099564038504013,30.899503012805145,55.62713282954333,1015.4636005834907,4.2820659073037834,18
27.014628265398176,28.373146184872354,66.9957606227757,1004.0841161227596,6.046740902844758,23
25.698439279735425,23.66693162243279,22.129647775785994,983.4658130685658,19.619330078559607,7
27.703043278914045,30.203009489110425,69.0605988070716,1004.6058328542931,0.21215030208607544,22
12.321737242526215,12.069966698128162,48.02496387878814,995.7527984659328,13.88768380817614,23
14.055680512593774,15.760416552933748,81.64554042252045,1007.6373723798351,4.21504228093881,23
31.842745348135626,30.16662632567041,34.65014330710839,997.2436891846605,1.266133161093158,13
34.054319244433145,33.9406321126345,57.85789447800778,982.4961242831689,22.582866689154642,8
29.119924958341638,29.162876238314617,34.42516459560227,1008.5705696522117,19.49402638197805,22
25.746467915692648,24.932809458267794,35.19982828263703,992.5539512014673,4.306620358894706,2
24.159141955611226,25.616589221356595,80.16520829374286,1017.8311394044972,13.046824319122424,18
19.92105521737287,18.86062371982637,46.4457776736588,1007.9340721968617,14.367730071689383,2
13.404034411116823,10.30391928693467,38.015582088114385,1028.2812861418797,23.268484909060316,5
29.949632874200486,29.59345627688091,29.34608859469737,1025.8651572732026,21.661219515856605,13
22.027503523614232,24.30307409305516,89.22129984962804,1021.3179605087502,23.12887045976359,7
15.322631965280062,14.700618365385404,20.255941794125448,1024.7859587374,9.051396254312285,8
17.55196425653886,19.788142454445733,63.0743488440002,992.2343094061637,23.941411859717437,18
27.00439697163558,27.374547153163565,44.50048079312251,987.4947147664079,9.538192366507781,1
25.853956554752706,24.567861233617037,36.230172971799384,995.9692058416842,13.0560812891721,19
16.748772251405207,17.29777933744518,53.898633867680786,1023.8772771279737,17.23722890817393,18
10.790533692710774,14.503966193315481,85.5302434802479,1003.3317184975093,4.321513124718174,1
18.212671183456635,18.299287618396136,55.92539830794731,1014.7303805813364,14.428370871731438,9
13.989100648595317,17.309577760304826,74.83030647072064,987.0133606729585,19.49606452548292,16
9.946351989682311,10.52362402577282,75.68810743486536,988.0836167776856,9.323303311752301,1
14.088782623906985,12.903474005013141,27.043398405581307,1002.9384144978296,3.6910873159289705,17
11.117036007219776,10.59269384111296,39.21812093183112,1029.8848109330606,24.271185037125235,4
13.921513706574508,14.475790936039594,50.2677452129563,1007.3297131748623,9.225743909564946,15
26.0870657039258,27.75606996558279,74.22710560272589,1013.5092733705603,14.911402657682082,5
14.582227776818572,15.023342216476411,76.54820162786356,1018.0279057759961,12.294849501566421,5
35.557793538098544,33.68208349029538,34.800188059923784,997.2219144214255,23.983097612705343,3
23.319086031434484,24.421434528317505,54.70736308539774,1015.4561920407615,3.60400150970924,0
35.164578028226934,34.616743488112704,57.26521644029204,1019.4650224554075,9.468786211016845,3
22.347890205448042,24.502220866736366,88.1201297998836,1018.9494252949804,1.551131510545739,3
16.735848046418376,16.768616828588844,36.570433309768305,1011.1083462086804,0.8771902804074999,21
11.468641201922223,10.249469416461235,27.55737136775849,996.3410153125866,10.359579233906915,19
19.206682442059932,19.615276899469205,55.80753359643543,1029.6451745449633,22.00191772209611,2
31.891942801828108,30.386535711370854,25.978212111390516,995.1860476795595,0.7001329868114609,8
9.34643826006402,10.303019366097331,41.3015314274605,1016.8375110456614,4.830899787121679,22
22.039181024268547,22.68087021720981,52.56942718931463,993.0057991507699,6.444941554103148,4
25.287011605377838,25.340947574734596,61.24871371296669,1029.319928824265,24.798909270078802,15
22.440496480442842,23.01359593262146,79.2585543073904,1012.8747029628125,10.228635546850931,22
13.278639405876238,14.611476276497084,60.69565900432024,1018.9817178066739,7.7408330927098286,12
17.131346117722465,17.814950622707503,43.606642558508945,996.7644158539736,4.825968532344438,19
11.449796508947014,11.319131446490065,28.60378277795715,986.1627809975441,20.388560935475184,8
33.1273146181831,31.392402345938486,39.91583718197109,984.5292678773051,12.645267087992876,0
20.154475220464573,18.663104198817955,22.182243637834485,1008.0261092447545,3.4636860611173574,19
15.258364125153502,17.558331233787342,69.55634786908324,980.3043765487795,2.6829665118503767,4
19.755468815773416,21.592460123499553,53.21044399030219,1010.6083110361573,9.750956941357627,0
28.227108150314628,30.127257962391568,74.48603331818438,1013.4129718604087,12.377311249828903,15
31.87672608176136,33.398431206213985,81.9272489467345,981.1066637779059,24.09522424052499,13
10.922379057911474,11.929688255661699,52.2396205293579,981.5807505635621,19.226536834529274,23
14.163581627724856,14.018997401207706,37.82646361229733,996.454794015738,10.5307433421374,22
16.157342570887355,16.166465395135162,47.01016127852763,1016.2004396080777,12.501558164755203,5
17.925588645242602,17.656340519665292,52.174292804952216,1015.5072518798252,14.453516844053008,15
9.938107654025739,10.330720322632349,37.62973536419963,1005.0620238712677,22.429054870690372,23
19.904667346909402,20.2407223723808,60.06854081774356,1000.561368131583,1.6444175852786151,1
18.67910791920196,18.165981235647774,57.68689308275032,1003.521612383162,14.736080515106226,12
28.984865471700775,30.155031994826533,58.5399444178955,986.7262746144593,24.99812067082941,18
13.064943396814234,13.37915722887057,44.887085800640534,1026.3587418867994,12.0388349281815,10
24.48060582605226,24.482861666548448,83.5070217093955,1023.9592458889549,19.84162452589503,12
19.63137677217392,20.5312013323518,67.41104804349617,1027.7007902059593,5.052107874435971,2
12.834497030912331,13.776447294522505,69.50598298347963,1000.0721774630002,8.990918579475062,3
32.30254640999501,31.94575195380102,25.209989290696097,1027.890966190663,8.039598509061626,14
19.412533721480678,20.279787949864648,51.39396596018437,986.0778314759134,12.239783926390007,8
34.29068719805609,33.65288655334082,61.19018683174166,998.4310326249145,8.54394005746407,8
32.147438584316184,31.176520674597487,49.81252085256772,1015.5941042614645,6.072741795541245,6
18.36493251184114,17.968812573301747,49.92792987517984,1026.2158177503716,0.8867396335416639,0
15.309021319452746,15.266554725141665,52.60079043672483,1001.442718065332,6.512189476433727,4
11.182126068532693,10.662782763540545,31.841332568969413,1019.3091334599106,14.94217574858752,19
19.466913737490955,18.377971356478547,37.42838294129555,1021.7399246289971,15.214293107650413,9
34.02420100600625,33.94835302641926,63.72904685846256,1007.2851508016474,7.7844084226330965,12
27.65515183843859,25.140947233085285,20.746908890431392,996.9319847343235,16.783245434664757,4
15.855204742838266,15.046336303073709,28.829636061130646,1024.498293437334,17.067462619395922,21
17.281904874165324,16.96607657787591,30.827939372940282,1004.5806672420165,16.06736041370124,20
18.178484331406146,18.546226047931455,85.70099170449537,1004.2686447584597,2.2991141829378394,7
19.112959783483397,17.804743414228234,47.782158475744325,1007.785177036015,1.772137645228153,20
13.721495481673829,15.188523405142586,62.29816611908476,1014.4142335184004,20.821726044949738,2
14.15476486665567,13.12964480506376,21.26567645439798,1025.087083802032,5.897521667457209,20
25.09497524744486,25.90935703833436,73.45273357299111,1011.0566703424166,4.223602286289624,12
12.149031557991968,10.359837215743896,26.087691417915313,984.450158899134,14.656696079831702,7
17.42230036533626,18.627093637830843,56.32561549853298,1011.5736783566375,11.608371840259638,5
28.797528011585737,29.4262321412939,51.37126113583014,1027.6627427860417,16.306412944338604,22
15.205068358531166,16.165090874450616,85.35752342930546,1008.4853925284966,13.535734857624918,15
15.267862753295901,14.01698961779613,32.42372844937083,994.2454311520883,24.9425385452131,15
28.792432787946435,28.904083222381153,48.84124172661595,1026.447336778631,3.6384882830661573,10
10.605049325708396,12.287170934943871,66.12312646024,1026.4108397823798,23.426365839144385,16
28.965345980958062,26.14527031638015,25.021474062319747,1028.6763275918627,9.399027554033848,4
12.771062015324882,13.60196965032999,48.39335731788096,1020.1464920687138,9.045184200887254,17
18.81849103913325,20.690033342583433,86.01144967520153,997.5324641477009,4.160801916561427,10
14.454100163518037,11.726147657864994,20.976431308433803,1027.93488706827,19.69582970463742,1
30.134873838115407,31.285623943627392,72.97524560316779,997.7669854109773,3.9430079270812435,9
34.38657660361901,33.68121443459647,33.9365393955148,1015.8046741244981,8.51908723372218,10
25.065901757255162,23.036142226089737,23.294283851386318,985.671371337292,15.15223351391342,3
20.80487421739293,20.60555023117441,34.9479998143239,1021.7484774740593,24.716413872850314,20
24.224533480204723,25.040295503658278,56.52816127136325,1016.2067989416316,9.575958760456546,4
11.975503867578102,11.81837369446671,40.82448689948677,1025.9714800279203,11.379634450859582,12
31.87656293238112,33.0248630274144,82.56419314333614,1001.0380103888231,22.122836430299838,6
16.07508853196697,14.545624180177516,33.75408768693478,1005.1604708375771,21.68363761755281,0
31.645861106537808,29.814870330228366,39.84228044848554,1024.639667821033,24.389415860888974,1
11.215042129569834,10.274895716462012,43.909927092209756,1014.0079273379439,13.656199190072213,18
32.82893796890902,34.16637047609174,80.50563865191813,1019.3662918728697,6.520777000625219,12
19.460165781171288,22.69394595471422,72.04517750453526,999.1483505532157,17.177211802592605,17
20.725918496563413,19.704248155163047,62.227179587882084,1024.006567671682,22.178549967353593,3
28.917523884463396,30.911054811746745,86.14631945750531,1013.9036256160958,11.218518771187656,12
17.64846268248864,18.32504782645495,27.12930855996679,981.2502056425296,14.314136347442222,20
14.247286059770854,17.33722058020304,82.14260672701816,1011.2833590315796,2.246447950001171,0
14.842564404562095,13.364406677602695,33.88607778933909,1015.2594489458677,17.913179405535118,23
29.43235144296392,29.11101820188761,50.53500919840317,1008.081626664219,5.069230234220978,15
12.419647323586203,13.120520349171208,81.00862995207734,993.6042078788989,17.259833464842092,13
27.70436547698207,25.944353546139787,21.64213152048081,999.4397559480701,12.682962516991223,22
21.34439917730703,20.067593024864006,50.052593599293665,984.7111189373753,20.723975430266833,8
13.229543138746541,12.746577843519574,23.843342363754203,1000.9919391177539,15.095019200304725,13
23.19897237338028,22.565781065753264,53.665912565901245,984.9528217107994,19.58089297194906,4
21.502442549536774,21.391418819642823,30.945349915141254,992.3238954788368,12.464657184780304,1
24.589752985498713,23.1097567331895,20.522419829205358,985.4072971168599,14.702789261390059,8
30.301569195274368,30.688447389171856,31.97601768000134,996.1166655900237,12.921463138432934,1
9.889406175823579,10.69630602052686,46.47374446697533,1024.7516375802584,16.40036448978766,5
22.320172169942005,23.94684189150183,81.36186831845131,1021.8260097223789,22.068420974556116,6
15.90253180448646,14.865595917621798,37.92148211430592,1029.9153465190993,12.814599173355829,18
26.685985582150245,27.54345684693143,53.31595522834069,985.0778301714589,9.044438360968352,20
32.869805186149556,32.77317961234606,55.289298934290684,1002.6499050414982,19.146307600925233,22
10.238260228767377,11.452298802008745,87.52833351799227,1018.1654038590065,2.134942303377027,2
33.54268701712191,31.63239397272281,39.12117342589616,1027.0117096436445,15.546402137114395,9
28.909250855697984,29.62242442778669,67.11057164020738,991.9804916014102,9.129083891950717,14
21.68725835443731,20.80837002606505,33.32672504079243,1018.2423946609991,8.122165162030468,9
23.220720605541704,23.42436057233534,58.13772729714022,1001.6811293450837,24.954368447311627,8
17.769750511131488,15.062014004130935,23.664302490191915,1017.816589324008,24.16087025210799,4
11.25196370253562,10.973450417191641,20.806820983708967,1014.4995598177153,17.164523200532194,13
23.354822002978047,22.709013672907,33.377393588380144,1001.3336990307903,10.815373321801141,12
28.80032773786842,28.13429000587144,47.15665180584244,985.4281572351405,16.60544930697206,1
14.473011302751765,12.528066903069757,24.486629772532282,1003.5968682877647,18.11773718660944,10
23.356932977053166,24.42999716836377,53.60944577468612,1010.434438026466,19.873773320616927,14
19.188554542070065,21.06363787036864,75.65510168268148,992.0732114099608,7.973142885797236,22
33.537427969228325,32.988275616401246,51.89625750871644,1012.8310974736564,5.846693590934407,2
14.109569171245784,15.094161478192227,68.2495524858086,986.8529841768291,24.0566019508793,17
23.524240837212663,23.721466626933896,78.75856263264903,1008.276945730983,16.592378472809568,19
18.135387174096426,17.526151945857826,49.444116581517356,1007.1744728854317,20.29526923597987,9
12.335043371848405,12.562899101661861,29.860802276560293,995.5010923108051,7.666849292201902,16
27.49342789735921,28.20927135849115,55.98564869334912,1020.2335808927779,8.862238769563247,15
27.9661990426467,28.547408173967877,67.6408165043137,999.3783169149916,9.255737145624337,16
32.06840447401722,32.09464712408564,42.34577084503319,1018.3311332587243,13.554247761142872,12
34.80004212103841,33.61535548685058,24.452100546445816,980.8852222536618,22.666720365379756,13
11.867732193836533,13.556234217179904,74.05872897862541,986.0540649120732,7.85418531979909,0
14.756104981858375,14.907357557776676,57.060501837889355,1027.8129599013691,5.506173510784295,5
22.760344919463996,21.88990479555021,36.93494096834656,993.9530138589969,22.053557855646524,12
29.224143323918824,26.803388685146963,32.88313404351495,991.45583069557,6.1866932375334365,19
27.17130299542453,27.592494490726274,71.2193690906206,988.4203974505015,10.9684301877603,2
33.91088402035348,33.883367162598205,31.53116272567432,991.0610757091149,18.134781153973613,23
31.523168922523574,33.02181001329533,78.71875357356892,1005.5647873123017,7.721630025303944,3
17.839059910929628,18.187433804447867,44.47300791654055,1027.2558753671274,7.21145876045321,17
29.417318679693285,30.124724992019242,53.26196062158398,989.2802031977717,11.332116158441455,20
18.021638932613506,18.452110234156535,57.8831639099917,1004.4508690173298,14.000109101931471,10
19.97021258012952,18.865553941019414,27.47746950747934,1005.4644495339963,2.3224928623529846,22
29.82736026748464,31.660579588492503,80.16042079834857,998.6183149114302,14.118215009974868,22
17.311446519417995,16.362033290456505,31.837273029445605,1017.8301249146928,23.962965204535656,5
17.009825242788125,18.283805468407927,68.29750499884537,988.772748509847,23.21810494980111,16
23.21573509663646,24.911676885338593,83.75585377342074,986.2048438054841,16.347944706833676,20
18.263449777745777,18.89931696628154,38.11546858551668,1015.6031710704585,1.4410673899348359,19
22.246176260594197,20.294138539612714,37.287578872694375,1001.8539041378738,23.323625883103603,19
34.717610973725,33.91999538710716,56.01997813874603,988.2810029705086,1.96231061167266,4
32.63592853742926,32.67987576764575,54.048352487532476,991.6697725864203,17.92798713830731,17
17.741654708253677,19.26180256978455,77.43552529624765,1010.7385476578131,20.13757778149658,7
25.118645935686814,24.459672925160227,39.062077802675795,1019.8493827379493,1.319583762892279,22
26.72544182623878,26.57617979508556,37.13599111012081,1004.9911128874295,5.273817981318834,19
16.424416417723663,17.224213123026463,72.5891181856422,980.0659934492165,9.914464032789432,3
25.218282442884437,23.50741329475768,25.256555206371978,1028.155732969244,2.8440430427719154,12
20.87016595684929,20.315546021215592,48.836258402858455,1022.1124792599617,20.564593304035807,12
24.47107595168113,23.296794162625414,25.326999228654202,1020.8198863180785,11.407397078194972,20
17.22002301541144,18.945281233389828,81.6176241297181,1028.668959788756,1.1214584046346454,11
29.119672660352208,29.8506297317574,46.79833763379047,1012.3267549390366,20.922586132916372,8
34.91738773594969,34.68190323287361,27.97761209834688,1016.989818596805,11.595542969191577,20
32.99488765391522,34.58918016284158,89.4411178577785,1003.6765081423239,10.557846946400806,6
11.619277059200662,11.626289824631987,59.509161144582336,1023.8916301787907,1.0317436843655465,17
23.922798102444197,24.594319512852792,60.96826128568926,982.8307486567362,11.654775908223462,15
32.73153091418881,32.02176897997321,70.63312127957742,988.9816913186071,1.679629913097533,6
17.075424464570467,15.805317378670432,31.45313428967934,1002.5773180486528,11.789564902355815,10
24.239451214575542,21.58735109501431,21.808728055400785,999.9299831359228,3.065480511435961,9
25.95671202712547,26.21597391922039,43.09824267031935,994.0197089295175,12.484889979276643,16
12.520887570004913,14.765245826861245,79.82322242062848,1008.7377845327702,5.435420856381418,18
29.869152884152978,30.098962688813007,78.799875627076,1011.9349547441586,19.870756540108168,12
19.681942468008017,18.642399837597985,27.521538684023568,1015.3382640930815,9.799527822674003,14
28.903759539113647,32.07287041296805,85.70047677102231,1002.2716837643015,16.17414210053272,20
33.227675788848785,33.3231215642418,39.521034838267546,984.2684389663283,6.589362205034596,19
25.65110455466429,25.778465649931572,61.84656093810598,993.0876434518511,22.316404883387012,15
23.296976040048285,21.80167362774998,20.60333018142462,986.7215541417867,11.461690253643095,8
25.026421155399515,24.792429057658136,33.40427304356836,981.9695081444843,7.308685605378787,10
24.03591748129116,25.04516834863618,70.36291619193668,989.6467218146398,9.913649674340377,1
34.64411596535699,32.63454941048159,42.469793194862845,1010.5089288118321,7.944635214671597,3
26.83588448406075,26.93910904605706,49.785396149029,1005.9444765825541,4.231189936072363,19
35.59397705764223,33.85127568146806,27.469827337164798,985.2277229075512,10.394722539431328,19
27.292887058063357,28.8490475899196,51.94217743856736,1010.8442891630408,18.769741873712704,18
33.93987226339114,33.29384298582041,22.840999849428655,1025.5205544789058,20.7356351046583,1
18.51354817869522,17.02511247271784,23.86096134212498,982.9763098435911,22.47027732568554,2
11.188843489275357,12.043975798721798,37.125853822329915,997.4137307681596,8.819211646423893,12
25.315439424315414,23.3257216811535,34.097937195572115,993.0987782139259,21.240279662777,4
16.268422497896907,14.352733383352108,43.35929453029409,981.5096007668594,18.082248708570408,12
33.832949456509645,33.20455245284879,64.8497157309055,1022.770807731559,11.318766296450896,11
13.234206792769937,13.22174668683613,41.082291089815115,996.2375304483601,15.041750544089846,7
25.891606645399925,28.25554294393123,84.91564866230874,1006.9717177743968,4.11407191549551,21
16.6072857247859,15.360162074829114,57.08837222734492,990.3008702145688,20.39039788367569,3
30.466487893666216,30.688826306851173,35.9444839132461,980.0709110066957,23.912718655868627,19
31.410072027693026,32.00197718903646,80.86788182014529,1025.1779651848642,8.654632692840972,20
25.228119712694916,24.016502360404274,49.897871249353386,983.8742898725246,4.095341589857885,13
26.740820542122226,26.043359932463954,35.934277507357464,990.0425608025558,19.29101842988254,17
17.335987782520345,18.764688970164926,85.14705788936789,982.3289971043271,6.680181918914227,11
22.391527239742345,23.450567634097574,47.14350299708248,981.4890393660461,8.242372167626295,21
13.096778595185306,13.011183499914136,51.518563544764675,1017.661820715438,1.5957748006528383,10
28.914599993055212,27.639646566095614,40.038132476822824,1027.9258137501304,19.484081626192957,9
25.659404700510454,28.461230231283164,77.6727467137265,990.7740991392787,14.185981281611824,4
25.402879426037206,25.817796968715022,54.202344811458936,1004.5059618063391,18.657654237190233,5
26.518604352512504,26.411965183287567,30.957044939101884,985.0032335783267,3.2796275980199656,17
27.11105286725095,28.597629682553798,78.46605035922104,986.3795619643688,22.720680352423344,18
29.93244443601036,30.07027337061251,69.34377929119353,981.3385292851564,14.40463531268181,6
18.553479492996253,16.815600018338344,20.636872689654318,986.3051347993704,4.023887186418229,5
35.49401584887493,34.563031806400964,34.56171939132742,998.5792920456267,13.649853385574376,12
22.055061823219173,21.56689012663484,48.255268614543446,1016.9413718675589,21.69581241836242,18
22.594644109203955,23.534360522685958,68.08667089698068,1023.2338876292825,24.636884975110807,4
28.808524532903316,25.79533817541671,23.81564941896037,1027.1816835324248,21.28565986037515,11
33.57537270071411,33.79529463558097,73.67942284724411,1013.6855823860425,14.96808352641826,8
27.803576071065876,28.447422917394213,60.4979272742472,992.1155303193724,13.834811005744093,11
21.254478080286457,23.2234283506803,86.5195456527985,986.6690618318871,13.140797864987599,22
28.46644376756156,29.320239332258435,54.64879562987227,1008.3195360315549,4.006664976014673,16
11.346778281565358,11.368317673124647,52.36299482214978,984.7843103652954,6.948953928274623,19
13.975013532565018,12.646857955328233,20.89295357952014,1016.1897615087393,18.644942585468105,6
16.940488456371742,17.939669881527916,83.28244905181914,999.4213610613929,12.676191476191953,23
18.279172406882957,19.193983771932242,36.668739027779914,1015.7027165327729,20.826240776724774,18
35.21678984880199,34.33722422943492,37.040983173578745,1021.7622773869001,17.752772297655326,14
15.028294510227528,14.613025483909434,27.13151348976896,997.8820274794456,10.702321915623594,7
16.909400581368708,16.180776860079426,34.654387956886914,1025.8762363615174,2.207062464622911,4
16.788345616278047,14.653397443833699,23.133787208194082,990.2628764868135,10.480923537434004,8
27.26674251773746,27.70430221613204,30.194005269379637,1012.0045198293085,16.14213312935602,21
21.960869766619602,20.490001560694747,50.769405924102905,1004.5674545134393,24.40578141752436,22
28.794667844061607,29.729280965183456,63.795493905901715,1029.6294937966923,4.879845356898138,7
33.29933262163024,32.40839546302799,43.47847694474429,990.7969102010068,22.270297357845077,16
35.87139510047064,33.95295022298584,22.39229123287612,1012.729240009573,15.745249642652942,23
28.753562890585847,30.237901868121952,89.96224767417712,1011.7113999406807,9.424845730261373,7
17.769689263009518,20.037357896532207,83.05321137155127,982.7819329664351,13.07068818277322,15
13.972989579406805,13.292172585905176,29.25132442675166,1010.8929577031128,12.086726608083778,14
32.10941666646649,33.83507198455238,56.21809028774763,998.1666890958132,12.773264414853692,2
13.379142387361869,14.519628764059489,86.43485755517949,1002.6069527561224,13.796998552965977,14
10.002467434933223,10.523352945668332,71.41409282256825,1026.430316478851,18.16177330451108,20
10.28615958325155,12.602741234604158,79.80796593279761,994.7160872115618,10.918063953891666,19
29.157968882268065,27.719141380728857,22.04194680018521,989.3278956097807,11.700867323068175,4
21.903858991025363,20.188575775810772,37.68102046793069,1013.9936436973587,12.352510393960985,10
24.138481989747927,22.08864116799812,26.028127735446166,1001.1949875998499,12.91690981513355,8
23.985359349203407,24.986528491467915,64.2873924388952,1008.9236625500943,12.746941369010164,18
35.47732509036623,34.276456129134196,26.94663654437767,1004.2236404516597,11.028720626170047,0
30.072568941352017,30.792426091894338,62.118062603432556,996.038220701085,20.048656893544383,13
30.732916293970536,28.281264733684377,22.339259629354164,1013.3878012599267,5.916088697047534,3
10.140960523462986,11.454094887636895,79.99203198314045,990.3073080140082,23.89138563103834,5
27.269383347807164,27.37588072146383,50.64470341097339,1014.7703574294653,5.811726005419085,14
29.690972357301735,29.057128369415395,28.194508908730384,1016.3053034184709,8.208944628325481,8
12.175385271919083,12.830951146018881,49.13126624843104,1009.7963406058367,5.867088322131256,21
27.26093629231579,26.415776842696904,41.22536827030138,991.2529172757336,18.660473493433468,22
23.81103447674731,22.40915618003091,57.630679663606,1002.8962289930449,4.440495486380056,14
10.52617397363153,10.267882442383973,40.86297659539491,1018.063571481268,10.255125132088308,12
12.065983469636588,12.01452030716284,27.016895918731397,983.4300492447572,18.617018160613263,21
12.371528706904215,13.313116818546211,68.58921577833658,1027.380125080386,6.721871233537871,21
24.36234346750926,22.777840962237512,59.21690246481368,1022.0837604635744,24.323142760222492,11
13.404560441840704,14.894449642088652,55.59353247156182,1017.0017972492088,21.814162958949083,20
28.476269789779096,26.928015993375233,45.452801443304466,1029.9349240920644,19.368085730515034,9
22.775195698385,24.00420458654605,77.17553587020433,1008.8461069299822,7.441799483657594,4
30.664287564507564,32.15428235139983,64.62491620539141,1022.5390191315341,11.116686770967906,11
22.017878888125647,21.900453234219164,36.260275786751684,982.6092528898381,6.017122730583521,4
26.015707939620338,26.129319760236246,51.20778848789113,989.2165674494096,23.78748598068381,6
15.116372437042301,15.701994298723312,73.27041880646887,1010.346114011327,23.66974441812898,3
31.353594135851136,30.501687551391235,43.059166016211,985.9550028804678,3.2388434440123905,21
22.63504963663508,23.612227449021237,63.58027784829472,1007.8821196671579,0.9829871917118316,7
25.109279846133997,22.990291895075188,21.37782507669896,1018.6709105452682,19.32333850899389,9
26.341074164423844,28.662285127950604,71.96589559628472,995.75282483038,2.4402499557426878,19
34.70658707404764,34.143680245493684,25.866291136654255,1003.6769823449446,17.35662325156534,23
18.52818337601574,18.584667554441104,41.92755183421754,1003.2269231762209,23.151534319668823,13
19.875532236113436,18.09198091010609,36.301540230627054,1016.2706061596485,4.430904944308836,9
25.263187275782034,25.087327401084465,70.00712934261047,1007.0820753916527,1.4221859589037267,7
31.579377475998953,31.306596859779535,58.07145448127823,990.606269936097,19.030287879136846,23
10.169443240593436,11.974229054770715,66.333110353035,996.6857424237896,19.403249315359965,21
17.68681059880982,19.90605047256647,54.51210876111616,1019.4666741170277,11.800187052933234,18
22.949943556146774,22.9602005486301,58.538171043399686,1012.078514778255,23.88677476237911,7
31.130957705510827,30.713889947652035,56.411215611707696,1027.74539544675,4.106914147556434,13
19.440249979918754,19.637797618423058,34.74946655524344,1004.167715152945,10.15430032278715,0
27.97170635517531,29.985259972726066,66.95355178101251,1017.5938122184596,18.392437632656346,21
22.937790872532894,22.74635023876144,50.36065919819947,1018.640224643087,4.789873742110576,19
28.643841687035945,27.901249331053613,40.264850558380374,987.5670629345766,17.492367523934128,18
13.861804093990404,13.676837023225948,65.51310165119574,1028.8241388100435,11.583222538656827,10
20.81252952714601,21.48099693992395,74.49611160431644,1012.3402830174548,0.822964669098844,11
17.54702293493974,17.0150203309479,40.74436538164065,997.6774111281727,19.370243021056343,12
33.44324084025279,34.07480009647487,61.5447491075296,1016.1901388315262,21.403739314898537,3
12.16244787639927,12.48603481898363,76.05726699018251,1020.9615288420051,12.795694016563864,15
33.22642199338112,33.78726775441968,80.71482473807505,1015.1670477259466,11.683967115472976,0
21.320201259766286,23.176036597791292,85.34185736748965,995.3386375676416,6.382845029281772,19
26.437768064502514,26.945330007751107,55.025085226907315,1012.7512348202545,24.759604442455476,21
19.48271114776691,19.975067596753256,60.653800853009514,1015.0153176941903,23.383557034922635,23
22.82374565703541,22.127366499488502,49.57120530216154,1014.5460285035598,8.653213501789697,23
27.53848437391273,28.21226692904033,64.37226232827093,1017.9064603248422,7.115747798482977,17
9.185516663881028,10.126539596155467,80.86735702704858,981.4228695921961,3.3499670301417677,4
20.156166651362334,19.004766035281573,21.529269839034125,1013.8595361836328,17.284661130375465,14
13.453275379644891,13.237873032070105,67.04416518632148,1001.9651636163999,5.851562314301873,8
33.55233889608646,34.07025892685065,55.63793696312654,1029.1607993326872,2.0080776422383346,1
24.750534559571435,23.500297865112763,41.58464851733391,999.285835638051,13.080450499182305,4
9.862257280432997,10.290513497702516,78.97767605790459,1016.3367418176671,4.677710572931327,5
31.352620180945568,29.985396974224482,20.929684242100606,1013.0266207718244,15.212808563133667,4
16.56858151473746,17.113534641923344,87.19416827494636,1018.2200055694653,8.149947963390067,12
36.69282862764949,34.85348403052919,33.976881662845265,996.0684977870435,4.548535043710841,3
13.830657916458774,14.073360677035742,57.67540713079327,1021.0555263870758,22.95479433074335,9
26.892004377510936,26.976665112390936,55.33280264958792,1006.6663421376468,1.7323162366660538,20
31.19702088568129,33.420561550827294,87.17145033264637,1022.7458479279885,11.722324637719597,13
30.45239966017716,30.671464024318826,49.961354670775066,1004.5239203604034,13.762603519255446,22
35.52966794584142,33.877880182292536,51.471923420541614,1006.5501564871481,6.291985096507757,7
18.467153879667244,19.940309463821766,80.91376833445695,1029.0664145569222,0.7688235127429083,8
32.39599127981958,34.599441198995706,74.64774522815036,993.353047011968,2.0895555500088925,9
10.482354527725962,12.429412344269213,81.44245834038374,984.2000857260313,16.04342612035058,21
34.98667144233898,33.175863619907666,30.898481842915302,1022.728258447062,2.788747683671433,4
21.842502462875554,20.9400781013848,51.739136143698765,1007.2781272083879,22.70721558718322,8
24.53093908296931,25.533265603892684,64.64755254815871,997.8635460998023,9.440727003503616,14
22.582950508086263,21.486169210149665,27.89883811618191,980.4174868756885,21.39939650987859,13
32.76799223778662,33.94864649815344,34.11586478868246,997.5952527879331,9.959032156668501,20
35.5505584222947,33.48747353910473,33.004386828909546,1025.1883630699554,2.0997375347289737,1
27.78022206931718,27.49098924055304,31.97717348893813,996.6921032171693,10.833550759208077,21
14.399931537013376,17.45681135585307,77.39077032689035,985.5116454360616,23.080984593204693,22
9.3089780144949,10.104686090698946,66.96822966400495,1019.9914727024951,1.336643103140711,14
20.655044408590893,21.35004052990287,61.79816340108523,1028.9619084159992,11.789676661478815,5
12.760618149214128,14.92314261133571,84.6952904389862,1029.200907509818,15.78842274356651,11
33.117314950255874,33.54314279047313,55.880335114694816,1003.349970976661,11.108379177074248,2
13.470365331615278,13.01417214443197,36.35833141777545,1016.4157755246868,10.445470152656341,8
12.737067322868963,14.660956553606363,79.67798514128502,1021.313457493129,9.766016370108478,17
25.3277557108869,26.792517110146417,77.9730108526417,1018.3639150526824,18.607023482354105,6
17.043221086529158,15.823986868840844,27.405756419095926,982.0139081367694,23.054993095892133,23
23.293446953335753,23.877123732557155,54.42165601132926,996.8482393923415,17.603058855810865,8
19.655141130847706,19.569602510076013,68.67232647370692,1022.1942482832816,19.43432823026372,14
26.20717241782055,25.18862129753596,41.194258979037706,980.2669570984845,16.136045829587413,2
29.504065648013047,31.0457194189568,65.04002646621315,999.7314534953016,1.2743508947915343,22
14.133139307434258,15.101609713665015,59.948276310379356,1018.4367396689402,4.852363482240129,17
21.261175032748465,20.881556991413845,31.879366740867145,989.4998254601143,22.90622008206587,21
16.024627401532875,16.279231688710034,72.88060907609068,1021.9074582688179,12.013283578960207,11
7.772127465062544,10.123499523360241,86.32955884268301,985.0105674525262,6.735962268702292,9
29.323531262949498,31.639428640613804,79.52223957103192,1007.1048254599159,15.117744847184799,11
12.999513102784443,11.819075159104838,34.76789234339653,994.3576131718814,19.939983737244713,19
13.317408370437947,15.693743402580239,77.25329237827076,1015.2751330331569,19.464429673331672,1
23.518341254525517,25.60372269622835,69.72952705086882,990.1231091819416,19.742485757887867,13
31.861455234483387,32.448382336093424,57.24825807211479,1002.0753371644586,18.827159861033234,15
19.326827935734062,20.353526705391655,81.3494660523145,993.584730808463,1.9256674092807873,1
14.025637136474034,12.285549795428455,25.311014885683328,985.1717583324381,24.982486899087462,1
20.941016972320288,19.983314504980566,46.593036562589276,1021.5569482217692,5.5161486169739256,5
20.28472260627078,18.28367517757627,39.84550331896576,994.6222730498698,5.804463754590127,10
17.216277838959726,15.805617272533578,44.01808614919066,1029.4603262899047,10.774833551704239,5
33.78103902479742,34.20483569786804,80.67750399819424,1003.1247137006219,11.30785436908694,15
25.497376439449248,24.576039024242306,46.30748533055587,1012.811994662418,5.531749965647023,10
24.580613229018436,26.819115360311667,89.72089483675738,1004.1476681608333,15.202529671302292,17
24.967966161009535,25.193817077391316,51.63083312565945,1001.6173869169065,14.750311706842398,19
15.789478685129126,14.380544302645683,33.76819907618492,990.8742176931489,13.692892704480897,10
29.1838116379696,30.563431073079226,42.59668554134952,1005.6441301254787,9.47848289431481,7
15.74278903549197,14.034070026384592,33.480714272096954,1029.0958892250708,16.78335077757514,4
30.473750686149828,31.933483834524527,85.47761427674591,998.7979954820332,12.846433981728062,23
31.93764279219827,30.56535796284196,30.838897625321845,1020.4182345088408,22.572974330826344,9
32.31332553195119,29.2539552939274,23.44125804085337,987.04425602852,10.433536831658143,1
28.323431326729143,27.86489806750156,39.53058032434576,992.6622681520125,18.653762595669697,6
17.6127257196907,20.465181872958247,81.7298360574478,1007.8057770743607,9.343337920786684,18
14.376511114565304,14.535958692390674,52.195936590577396,1009.7052319137713,15.332159845828244,2
17.519917383676837,18.45668764986246,63.33849800326874,1018.9197807176606,16.806312501855338,14
31.164782409405685,30.56055934170696,50.16881439930809,995.647280867418,18.03135243574349,7
35.89133233049673,34.908358440681184,34.039526171164894,990.1576968594984,23.54223021104873,3
16.635277981443544,19.30417559593783,84.03245301093622,980.6145330577835,22.656684932245756,23
12.664574664041835,13.802607080556822,83.5658580941898,983.8309906964824,9.958883049147726,18
31.193705148699614,29.560645305319696,36.087822925477525,1002.1051873103889,0.6790325363413341,11
30.412446052631118,29.935650540173203,55.85823947133824,1003.464113906012,19.63236666806683,2
23.063903303530953,22.085185899328664,49.46275701314582,999.671774471843,11.351903607808545,22
16.24077679098805,16.469499540000424,63.636569617193494,1018.2046500106491,17.924422526596928,21
12.983688922413766,12.515936963088333,38.924401334690906,1009.8069030848268,19.661120579860583,1
17.802871370971264,17.12182254904807,21.73720480116044,985.5289593534329,10.977894357065987,16
15.012982312441393,14.800402118500918,53.696789822389924,1023.0914065412302,19.90092887158906,7
16.826810388762777,18.98083423499414,87.75051961659487,991.3900377856428,13.231388523768754,11
14.836467241368455,18.1168981722515,83.40297534455135,1011.7025254153359,5.386331923891083,1
15.68445705418285,17.66941498805353,64.56850400505593,1016.9708956832933,20.58633911176,20
24.312820523205673,24.335947203082153,23.616014998024873,994.433315133773,7.684317980101121,18
21.067829032347795,23.80915344543086,79.24226089466116,1002.472959659187,17.83132578128177,13
30.091922555070788,30.14175382375133,42.02113433898465,1009.0553122348948,4.981046964615454,2
20.50235923457504,19.924537926857084,29.448494025014945,998.5930057666548,5.387528895844137,17
15.468091172140902,13.813476072856533,27.010849825473684,1021.861999975773,6.9102635273418676,11
8.176821039465334,10.830077719784164,87.66135391563218,1002.0175886946627,0.8943672678501963,0
8.965753039971272,10.829733864060655,74.60588166144754,1007.4994207932976,11.538223963501293,16
15.343813016319752,16.04829200788824,56.53036067325252,1027.3958539467249,9.06026604533254,21
11.901391625743232,12.547309701650338,51.388548871115304,1012.4621366418985,9.23696809084333,19
21.593401149493285,20.545704463470784,50.99151493945208,980.4152420561664,22.444351706376274,8
34.82136606035367,33.40386935401953,24.812773449574124,1009.3942845964891,19.574708931643396,12
22.738361783312286,22.951937451008618,44.216466250424205,1009.9096939258947,14.29274129896162,20
22.426483525379115,25.38048595577527,76.50831545283754,985.1936895139405,13.326970558115796,20
29.824072879423554,30.9253332090918,57.8152086745033,1010.4752561224716,13.946346228254885,19
32.67551573757678,32.95993855203895,71.37442592013903,1005.5662271830563,3.1485604088130668,14
26.746668090394593,26.97755797861224,71.46599626711172,1022.3840598981109,20.515639826679866,12
17.28967567513378,17.60496799090702,47.6342721740178,1019.315477635514,14.464001379977997,4
17.081645773674783,17.79540332713149,46.52691368687553,985.3309636402712,3.7185377467874368,2
31.470675967986164,31.833072896520193,34.412111753661954,990.8343321852697,20.311398760077807,16
14.529620514839714,14.110138226971968,47.89914569008893,1017.9381875350939,17.516808621153995,7
24.77506003171087,26.089442379913123,85.33891889164184,1018.9804321271232,12.55736021734459,3
24.69510562104061,22.809094438644767,44.84965810697593,985.9625083840733,10.605931132381835,19
12.46000654371345,14.611906328340984,78.97881510256269,1023.8879171096366,13.350057643687482,19
15.63022378766872,15.03280269556083,46.847415870378384,992.2404480706067,15.23653965026911,18
12.560988195964509,11.920076207860538,28.70417222096875,1023.4729558268943,19.568371033925693,2
32.8678489947318,31.675787403061214,20.515048073779017,999.6380459462359,2.001033102286015,15
26.33710883205028,26.20795018630239,63.23862103320136,1028.560939498039,1.4812113099931885,11
32.96015691492651,33.242441308564324,62.05545045377334,1015.2211810738743,22.583525342669866,2
23.14185063611456,23.60634915284244,46.15239616738414,1000.59798399479,12.61561707329244,9
24.866692598328214,22.958241309093417,23.822721224942832,1027.1167247467517,11.650087858825323,9
21.742528015150782,22.994348713900443,68.53805974003308,1010.603965910193,4.314644851231803,13
15.831269778216022,17.438711282970516,73.81349265048122,1011.7457117656032,5.682560180963095,10
25.34023345275386,27.197143057520332,75.16246047025155,984.533104425467,7.80579599051838,5
25.345821747858306,25.25018542698714,49.039279521111645,1023.1190192262137,23.46166156544408,23
13.368643093111055,12.212312551297988,50.6401777453479,1002.3811936332762,3.5009807816088037,13
28.976822174586854,30.370627843662806,76.61596111508055,983.3963102111413,10.37994097854773,3
24.980915814210306,25.265501061040816,41.66238035123276,1020.4736604807717,13.009305411024197,17
28.38984936034762,27.858165893374938,62.21097043552117,1010.7921947210618,1.6918790806399993,6
23.411221859114622,22.735553203744743,43.615135485009574,989.626495771907,0.8046100803850542,14
33.00262346835807,34.11191634752029,84.625662288966,992.2253748672213,17.076247450739086,18
12.005549474126722,11.752703491031424,44.516563002895374,1003.0033119478976,10.936845569271023,2
13.636485077355687,16.256072454114882,60.58807032334075,989.5404745723154,14.652763397453377,19
26.45906663209204,24.51613064774085,34.67626454781903,987.4169590359857,11.914704472990866,7
13.512626080380812,14.272189684751645,84.03844649978147,992.3675685908871,0.09116756961690675,23
10.103991772429177,10.816476519612397,79.754094996957,1005.60519277319,23.84756152823125,3
28.27587144442548,27.34873976275392,59.046708801480406,1026.3250309522111,14.332843614288052,7
31.50076497486936,32.65636451302592,78.18720635629597,992.116490572687,22.22687291866799,8
24.713195848888912,23.888739247140496,68.69485274117856,1023.978161880639,6.8836212534611025,7
11.87590889470687,12.955465557277215,58.04289089869542,1011.9695442951501,13.06964332628543,9
20.334519903151676,21.639950453311503,88.85981082464062,1001.3934757426496,17.403648123463526,12
29.437076568060306,28.16154287782512,30.457957191764063,1008.0189930068384,6.349159957805553,20
19.843999908794235,19.226325544022913,38.795005333824676,1005.0247447538306,6.587084428572576,14
29.12529326839791,27.3133107884277,45.85678533078096,982.7269830337575,14.030141327471735,23
26.062257098617067,22.65665148738007,26.618944134207176,1010.0735550440604,18.652871430080907,7
14.929072308418991,14.148872382394625,39.47005483142376,1029.4537232736852,8.114408390734184,5
29.82084422881304,28.435652144266932,42.12734215586269,1015.4477061714211,3.258102839003027,20
22.601122243759676,24.639692096815313,85.93940128187101,1027.9371648454219,18.64792344996391,16
32.850509950096004,32.730505146539,53.89291488258178,990.5519165104307,22.611593963808218,2
18.564526556253874,19.811127685565886,64.0113810541995,1018.8075932052811,6.427045546284205,15
13.661067359622123,11.763390939823914,34.00062447789233,1020.4640632185717,1.793699105642843,9
32.188570677559014,31.38651460027518,43.44148030958895,992.5028379255076,0.8283365548302724,21
17.473227300929675,16.785234511167857,34.658469976495354,1014.7737802094539,4.565974392544961,0
17.202806473194432,16.8675953761973,69.61359426419583,1010.5652758527693,20.718606643211924,4
34.282583869850136,33.6790365725062,38.384352865625154,1003.7363892635242,1.1277251571334024,12
36.91666276693072,34.73763333460806,31.699402040851503,1006.4781546824169,19.439375675976255,7
16.236861237105348,15.840193776247748,41.35697807736686,1025.5798443280137,14.297474191509249,12
23.667701471808684,25.269501776894206,70.5661455342959,1001.3725266621243,11.169529075784451,14
32.407206121953735,31.70141725268626,37.244377306961134,991.648610603902,24.978739169466472,13
27.625816418836298,28.67695667822572,72.84581401108302,990.7379699981236,20.721564329188794,22
20.16976481498183,19.445980343179667,22.963414476281233,984.8627107927766,20.022169261979485,15
12.67423785237776,12.246921293404016,52.272349766846844,1007.1017692753059,9.502649967895099,6
21.62079022625925,19.553486870814233,33.9179971200536,1020.3055908829202,12.688458127301889,10
17.42454172504883,18.112795004383553,51.31326986663314,988.2131831860312,23.542370787541486,19
18.96742155931554,19.713952531758643,49.706041823754425,1018.0555294242629,24.671921173543012,17
34.86095068090832,34.35987019165416,59.85134890885414,994.9020849173457,1.451583472277282,6
22.448406526564277,24.34664624192741,60.46525344293821,994.907148557407,22.541104444257734,20
16.582911490313318,20.047179997268252,86.93548215505393,1023.2395110999947,14.39776168543491,11
33.13603025271187,32.21647700663497,47.6038802445465,1025.7538382639402,9.222448588014839,8
21.336099358652397,21.47351291492051,65.84587731971251,1007.5914112111792,15.210198048486992,11
27.015301769127134,27.81553332746282,69.84503945735513,990.6730758069484,23.52391553147337,16
30.129060975159916,30.978665201768813,48.66135563391164,1013.6504550481526,14.525958104281086,20
11.972415880497175,11.204650309832406,31.530242286008665,997.2698331031798,23.957462076782516,16
32.77518177831681,31.79782653201264,62.766256799185726,983.4853873234481,15.87627675506223,2
34.624418210084244,31.652538634445868,30.170020682205067,981.299114686289,17.70489844931341,4
26.765786450361965,25.213181817411662,51.20108746320084,1023.8423887077056,12.087676864441633,3
31.617657611490834,33.10990488441326,79.93075353962622,1025.3436415909525,2.7610781735287775,21
20.896153086981492,21.81233387516284,29.834930685686214,990.6961435249859,9.793702190130293,21
16.983018195713253,18.5732415689799,82.38978653794254,1001.8680645781308,24.561721144667345,9
18.15969321286776,16.30779817674218,28.924980867039,1004.4259176965413,3.9694071571815566,13
24.645021071869532,25.591219457256653,31.88309487449951,1028.6967787052213,24.947733044757157,18
27.751291227577095,26.663049417325873,55.36148128053204,1003.1415328599404,9.497629715455655,5
11.503346402660823,13.8214784796083,74.70234621282965,986.9593901378994,20.439863673788654,17
27.936204696965174,25.568835080996028,31.992718111806248,983.5098305703857,12.489057778505884,9
35.183716456215976,33.76931769328345,23.943329445946787,1000.5948739181056,12.212840999893826,20
27.027373246829885,26.605484624724205,36.52055512265984,1017.874116237006,6.909483632897487,16
22.3846278687942,21.05083552327809,23.13260037483667,990.4714193069467,22.051262924149142,9
15.729250627918793,16.18899425699716,64.02336014465305,982.1698347078026,24.315693534910473,9
23.983427708783676,24.198630763815736,58.28408596551869,1026.5633313700669,19.80048019850338,4
9.365595750719727,10.719566907833475,71.51442844617642,1022.9145667776553,22.418784115326616,3
27.38454478034433,25.92255793636858,37.49312051458229,991.5210985907169,24.511222465909817,8
20.53764276479219,21.14756765941871,43.604874328440005,991.4165418296656,7.236229857609233,15
28.282115466595307,28.984956560449092,46.37674394419487,1026.3984530893522,21.644353058901885,22
28.691557070769758,30.55449717041058,70.14277404332196,1016.7992244378539,1.5351645785280421,11
30.625587496855072,32.256451325445056,71.69773276331354,997.3835870734456,23.803096953271766,8
30.773917087165124,30.324643467902337,23.6633000110464,982.1022398037973,21.994173447739133,4
18.27786929038677,21.244616220533064,86.06418842413713,1011.171589672168,12.510487395877043,10
33.66480130090897,33.20796406469314,60.74490917869565,1028.3492509014018,4.730940063631206,5
27.987968095222342,28.587706407290195,46.06149690011335,1018.0902627477476,9.704525026141978,14
28.187318119714867,27.30897306152645,36.33773886206889,997.8083482657222,8.975565417252152,8
28.58943647378903,27.4253935248817,40.36137979621078,1003.5541425352257,4.564928277177483,6
12.726221938098409,13.07508237809364,54.527324511819,1021.5291662557225,18.177318230605902,7
25.22330648783221,24.82349837104258,38.88197261116369,1008.4755934672211,20.63536093934527,16
19.075467182365912,18.91883316733973,42.9518795812781,991.4980707700518,5.993604323456461,21
23.331395271898103,23.812524185197226,70.74389226371076,999.38299502794,5.732973757691348,2
35.50126992375183,33.785745259045804,21.707369517706773,1002.7453301441199,6.059946906297226,17
29.269573342224326,32.25352843490037,81.72021144767774,1023.72882383591,15.300097433286142,15
16.701157137335926,17.190818226091956,51.371959291492296,1011.8652413214162,24.76905388848449,1
32.0112313362221,33.66834322308489,62.66699568278445,1020.8484225237438,15.186959862577954,8
15.613574520869932,17.251138299060923,83.59062835105854,998.322832316999,17.300767378827832,19
28.80564772338862,29.290672774465193,56.11621149677964,985.0575528959214,3.077196335081764,16
20.04430677184954,20.864899021467796,51.113598458445374,1021.172652687966,18.778842591139462,3
13.96899184998994,14.660495121349365,66.68337706789472,1010.415451405178,10.357510295774851,10
27.223330347222767,26.923519574920935,66.48518848398838,1005.2288483946401,1.1077452809581556,17
19.69788570419027,21.83024766728893,65.55070690336602,1023.8101681112493,23.303251832529092,17
22.680498027499194,22.714267279117568,43.269868452205564,996.8877993566115,14.012718351949328,20
28.44086821012771,26.1037305368979,38.38853169160036,1029.5963309154056,2.6200997384897255,9
32.008148817956794,31.676807964502594,40.850157887314786,1028.963093280432,9.05371958700592,7
34.74300717285019,33.744997832298104,38.06753502213903,1015.6515728187552,11.967555021269638,22
14.939864505207243,17.53163151900001,80.15274657493332,996.7738305280435,14.20762761487092,14
24.065015129536334,21.12131082068852,20.218515594948673,996.8877880746793,18.440279043303317,8
25.20735015138124,23.5426203102501,25.26000672243106,1010.7205004658583,17.343151536561056,9
23.618191583758374,23.991008282705447,50.98855913772051,1028.4763261662004,1.921677584543871,12
31.4638855446794,30.07505179894593,28.81584487332504,1004.6650108119479,14.950459120915918,12
16.357171381764324,16.485585835782313,35.43293366995589,1022.1083015030691,5.110094369138404,20
24.415127902653797,26.357313808124047,56.19825515998436,1029.7804355757214,16.274214297686747,0
13.864029442652235,13.660906415070404,42.545640272138606,1009.8369431389954,16.127112588245744,12
22.337038959123795,23.39569211182703,68.50148993876566,1004.2783101141714,18.33195739669129,9
19.74804582374974,20.486199848932838,82.44520457655345,983.7677448114446,6.983908081018997,22
18.18593097679632,18.79056718099086,75.47778373349357,990.8116447195496,20.896283029498857,8
19.085273768327124,20.473136237613698,61.67903611340759,1028.3204648061715,14.13829692310144,9
30.218299112087077,33.50575603562394,79.73220306666103,985.0183747547527,9.959441891485765,23
18.8056684666393,19.09074005948235,67.81800000061325,1008.3581543956697,6.7336469765276075,1
13.202067629557803,12.1336866248442,21.897465663536316,1022.2813150057509,9.80337072756938,17
25.05391826562254,25.274524721274794,45.64004703445656,1023.0465241289348,15.99369280094199,1
29.087385382496848,28.30562216023903,62.918136734846904,995.7392811858479,0.7323426251342663,6
26.91232755574971,25.7235711694971,38.25944721734622,992.7108914533344,0.33512035629977566,8
24.9744301606742,23.854450062894834,36.40275459553688,1013.0837530358765,6.844949785047804,14
12.981933228479734,14.522297534472457,87.94013328391523,1024.7027306351072,23.20363052239105,20
23.756498124141622,25.691721928970217,80.41201454751993,1003.4162153684277,6.832982998928541,18
15.224932354647365,17.793051694888707,85.53235949165537,1000.3930012795456,7.314911090598569,15
10.941190151270483,12.641617106543597,77.25744460444075,1011.8020177565943,1.9062891086563365,3
32.23499678200147,31.01757570028,43.815609611587995,1011.2212463592197,21.326016552912748,6
16.261422987796514,18.720513349236985,86.19714759355632,1004.3212917513035,10.291269920040785,3
11.246606844491465,12.636842498915765,65.77959549941738,1011.3719503841075,19.861030023034846,1
30.06166065898843,31.614090238066748,73.63099711079445,988.0808030365149,13.326082197214578,16
8.077805175477856,10.325048087768401,86.65848101733606,986.3926908954347,1.02665934366529,16
13.309465085361564,14.034183959709578,85.23608977580605,1017.519446354535,20.071659309938653,7
10.47768483430243,12.17543045756972,86.52658260374652,1017.3360800842031,15.147723580332409,17
11.533462374086016,10.916785673338575,34.245777583232055,1024.0598669777821,10.759815450401886,16
32.529218384711925,30.682553743431146,20.30517059696063,1024.1106205908657,2.2525819929307076,20
11.362299715062898,12.611362952503784,53.0229416573612,991.1264891249443,16.270958970922667,19
30.77449909909737,33.99477551012126,83.87395379612579,1020.7253984065266,11.124166418377213,17
27.11882310933841,27.364885681332133,57.086633994903785,1015.3347190171257,18.880913279998797,12
31.07719466779971,33.88809239887337,79.18575675883923,1022.7410026496094,15.630208043573251,18
18.612875327161873,17.524089173670408,29.49386312051194,994.1698847285297,16.77531187112175,2
29.699589157991056,31.566011778729475,78.70352573386397,981.2328027853447,0.8227699238734815,22
11.744709366813845,10.679185530638996,43.492647096863095,1009.0456949123139,11.442851287455813,6
30.35763883490805,30.97749246999029,83.68765485824423,998.7132233925367,8.179455950482946,21
26.239134646629413,24.921296922193985,21.549411572064795,1018.9272910711345,15.168692258138266,18
12.662060447925882,15.71995413729056,73.66171612984361,995.9809062754035,14.575162075113782,21
11.915085066399024,13.459289868013915,57.23918227895473,990.1824320561639,6.380053100389949,17
11.939714017343915,12.384981932830266,43.51623073652537,981.1751211409162,4.415585650614787,16
11.949731673870211,10.973946158711605,41.475599817707085,1007.5472096920302,17.728424788985638,17
10.513993013232852,11.130682222763452,59.07198287233085,1006.3384453634746,5.908150440236448,23
28.52591487943646,29.281758667148644,62.993037102330796,990.1328460995215,1.0805787854444748,6
33.28114428389363,33.30295706209031,29.502209716993075,1000.4243694441137,9.15033479600378,20
14.219880760171998,14.89477836973241,74.05064193310866,1010.0774253189853,0.10063197134926871,1
14.424126493670776,14.042363831849672,47.4035811233811,1020.4463653608896,10.800114720228848,5
30.612575838490244,32.71126403334071,83.66950991662108,984.2521810653036,10.912183732692677,14
31.529698150980117,30.552579015005637,41.68929817272959,1010.6074910806695,13.229361329546238,12
37.22792140518228,34.820420974976756,24.648374742234815,1014.2104835294185,12.735046738274258,23
11.124593423152383,10.8419100968616,38.05576547508304,1002.2982635202203,9.4588400815478,15
15.299476787378115,14.570944496720427,48.56140638995568,987.3977369386986,15.817878107524791,4
21.82777780346462,22.50696338019401,56.94405463482139,1010.1364900253801,9.592883737508167,19
29.111900020290463,29.024769000702346,22.644915461697575,1014.0586275219753,11.227198929214428,10
23.623553033421334,22.653546571006103,41.19373253321975,997.2790436674348,14.419742712430908,2
30.96900484117884,32.40228249808733,84.72492537900456,992.4687893997946,0.8918604090133092,20
32.38836264759934,33.57689594361769,83.66105648256418,1029.102004379549,15.835800782049002,7
28.128181250923323,28.2293371887362,83.06354111868934,1022.0444488355743,5.436508590097374,15
14.61130278405981,14.069774730155734,44.917787358256554,989.4092084583973,5.471020423769401,21
24.644656386426103,24.757373562870193,48.443256167463744,980.2860465770982,23.325371828260515,21
14.06797073874611,15.698379063548542,83.89605602855032,983.6484166462844,4.78232935505268,5
18.45732446471717,18.03739253119705,30.367055903898923,985.4861900623561,14.532068299026491,2
26.072728214403327,27.378613851189844,52.94906996437431,1000.7100277152322,4.072902619132268,14
21.41861202051999,22.289863668535922,66.44432415900971,998.8417780508083,2.1862539125688416,8
24.12308600545182,23.191936655542374,34.478597743162595,1017.3872910466314,3.846574236345926,23
15.782117967064618,13.842276071105113,20.211460994931286,1014.73360018221,9.9212867585466,2
32.44468487970071,32.25960802138165,35.58544646587497,1020.8491690404535,24.538793447930516,21
29.45569198803121,29.0256975625507,33.83832121801413,1012.106457343213,14.095437014379275,4
25.164041403631533,24.982552903485942,76.24792437784994,1017.6434722251786,3.3845510827364005,4
15.403219771067864,14.243210714423078,21.068538775222084,1002.123546349676,6.067359961393365,10
25.30824920015603,26.694014790078825,56.41265155967318,1022.172022183237,2.7162194783232616,0
26.530693395174165,27.39747795422006,62.938129256551974,1019.86197875114,8.813196281596284,2
18.922426608228527,19.356769893903007,29.36447014957776,1022.6491984515068,12.856787386063779,14
24.394838123048306,24.95893710744397,27.701240478928053,984.1176495168379,19.953126200160735,16
19.676207910222846,20.38607501480224,61.87277118794017,1016.7053490440563,7.105646265938562,6
8.788646026381194,10.561732708002936,70.22929678539751,990.7376832912541,21.9830414816265,3
21.518885634597993,20.282599301655782,39.079042417078035,1020.9719040896634,2.606943945788656,13
30.350124903209117,30.54092244276179,70.39716775586356,1012.4248798773602,16.74727169646017,13
8.913420591613242,10.174556547008702,73.62181296635075,1022.9711295430652,21.995499417636307,9
13.289461263862435,12.797990484943197,44.65616825495217,1000.8354331923615,16.300365383478283,21
20.63365414291705,21.37929979334141,50.57440185263238,1006.4949587902504,14.208876149665517,20
15.670263100324613,15.122031853767814,63.622069717253105,987.4547839335717,15.385141935694268,0
27.843786146984094,29.122081538553207,67.82228942678726,996.7611590106786,2.9115687222908027,4
14.71460276583333,16.85538005871675,89.01539180374425,1027.1386000552639,22.57532597920231,15
24.011684008538925,24.85604568271493,49.600788634136094,997.3698680875169,8.50427375971224,22
24.235540846312034,25.619596569735062,67.25909200910938,993.1786475459301,6.63310175161668,3
20.064485033696418,20.50027510739157,51.397978455792156,1024.3363191572494,9.600375743179606,4
28.31032939273237,27.43023454774092,24.428387027447236,1022.4711134727445,13.286687398935323,1
31.8455137984976,33.357602854187256,68.2791074403308,1025.94896627502,17.91515688912625,23
34.46053676854004,33.87163201657985,23.847641478787544,989.9864140055619,5.675795857056717,9
21.77897279276167,23.74671406940513,70.43035915580445,996.6086729765678,17.825981881465793,19
13.815797384678183,14.87916293046626,67.4327827469716,995.7344486935664,17.306384739897616,2
29.382658218892548,30.122669421035965,31.953778200233582,1005.4501091768369,3.596643570171096,23
22.25845274110873,19.38672321166251,21.983621526836924,997.4826690231118,3.694603336957944,14
18.791091197066056,16.90797771164634,26.92780363860948,1013.6972224536512,23.758113474181833,23
20.4367397930643,19.494644504480746,35.524564435348246,993.5366866210866,7.402928265297723,16
10.646368476551961,10.641051645160893,53.21172258911663,1013.8116867520239,15.30117699144389,3
27.046072707898695,27.306914112946313,56.28558243347244,1012.0745184532144,11.816618234121117,0
18.144742046364406,17.64359893618228,20.40394629050776,992.8935001774005,13.582334009276881,12
18.896975357983564,18.823962586308916,35.48664738646786,989.0525180236074,18.643528413785067,18
10.183600001215177,12.127587152994634,86.9143159973431,1003.3495726950907,17.93247879218836,20
20.24000191283634,20.172699018071764,24.93850445969262,1014.3186116386322,4.232155256819736,18
25.85261370297841,25.96314869160214,63.974461796513076,1001.179291343954,23.633953361413315,20
11.740579566183467,12.63483045269513,67.98770343938362,989.4299465635796,14.226829889751844,11
29.27205330512767,27.56584432713791,47.03654767093627,998.1623089281088,13.783438567476903,9
12.359176592868936,11.25873817423383,22.83564210589253,994.5829385250469,1.4032897005268081,12
11.616049481826321,12.059526140396068,30.73890176723616,1001.6113537745521,3.276393585541687,19
21.023700023765535,19.368049262684412,43.01221918447246,1009.9843157114029,16.100580415888697,4
25.060798259401846,27.291391296663537,86.06522224455706,1018.9668132659743,2.162111053790963,14
29.738923591671966,29.789476093146213,33.458054292766434,989.3705643991889,8.052814899228453,4
30.79121911236758,29.057565612523998,35.964327183001394,1021.8184646505043,14.934972279678824,2
9.685632331019626,11.452090304204987,74.37589060460415,981.6054790241029,6.4466063411211225,21
35.54484085915442,34.6100545175888,37.38012357415922,990.4444446357421,22.209092070031602,12
22.53094455891375,22.56415191158606,35.2446561237298,1008.537187086666,7.913443283373975,18
9.28601969642364,12.033719516047494,79.06690045608143,997.2214023108594,0.5730393287409236,4
29.44702455236751,30.432444249062343,38.86076124125585,1027.5790154719934,6.091525313546123,18
34.2445094816237,34.23676083188422,69.8554143624011,989.4099990839932,22.870378729780693,3
27.641981817497438,27.692023368522893,23.28750956853671,1022.9763852623745,11.979233684886045,16
17.414343144578524,18.481016529345908,68.9799154008036,999.5416774633611,1.324469832564923,2
19.933896811631413,18.029053815898838,35.03982244974986,1021.7681177089446,21.758189842617302,5
16.384821208061666,15.935836709370157,53.94011178012725,1010.5321375460823,7.980275897181813,2
29.74140531991403,31.535451152387935,66.53654310061712,1014.7009972912283,12.693274100305954,1
28.291913819714892,27.308857653860354,43.657898546833515,989.3589304494245,12.659917616311478,22
24.955013163146685,27.193051060764017,75.08830595668407,1001.2654075150576,23.315425429258344,0
13.870476191147494,13.853626079462178,28.91856501868003,992.2226105128331,23.35192123178711,14
27.913679446013468,29.84545259770099,79.22834298885782,1000.4503868368137,14.145215854654355,0
14.488260075655841,15.100890865722471,46.84971737051045,1004.9605751766634,20.751634304894484,22
19.792239495156302,20.306993195791637,54.47652978143559,1017.9336942343391,24.86635557395275,21
20.66010496146251,22.583628265153852,66.2885714385564,1020.1877473784596,16.96324613592356,19
18.421327850277507,17.45130521598608,51.50169676694618,1000.201497516423,6.968175168178103,22
19.313496502403925,18.475744776217518,34.33616863393466,991.3450383621904,6.21373276877949,8
16.861956151912594,18.175829039080966,69.977056350534,1015.1482831772322,20.390544276009667,22
29.083076040686773,30.2206580872921,68.15290518353527,992.6007366839526,15.146324209597395,1
23.462706480879902,21.284675608241887,28.632294375270458,1015.519382371915,2.537596457588387,5
25.240390099556887,23.53519018368963,39.57210028515923,989.074881413542,10.971195242784098,2
17.291914210102853,17.638107766450588,42.439731021154934,1029.937501719566,0.14833741865141192,3
20.391578730819294,23.032401191353475,89.76782945542757,1004.4120564716716,19.62093124456588,20
16.25536175515739,15.06581585338358,34.966084746391296,1004.199537516627,17.043210926378357,0
32.23565606040499,30.178888434122065,22.173981322460893,1023.8513635630818,24.309137119499457,0
19.816187851108126,19.120561755194966,48.18280068381139,1005.8870328552231,12.576711586970774,20
34.21855716904447,32.960660803635214,24.70684438364256,1002.7505516153478,24.160482920114962,19
23.038042023818342,22.81669314891041,39.22935229650005,997.2250927571231,1.5517534177127783,20
29.16712459557287,28.085502842214623,46.31798553503974,1018.7827317663017,18.659316869808844,3
25.859618555680647,26.280824426037302,68.02638077604408,984.0593893525215,20.945642998090023,3
31.931677654601955,29.95737947416938,31.632949972682443,1011.187112274977,10.177124320384623,21
12.397028698329349,12.41336175488602,29.209571464754823,989.7919620947117,23.080646962155814,16
9.380931078727043,11.488117508694293,80.31374650587848,1029.2816810043853,15.25646137975578,14
26.15497999743447,26.806267182354865,63.13569761248671,1011.4168182649327,9.889979546245684,1
11.620469899046293,11.29928209128681,53.96867196398351,1007.4241792874562,9.646384418043402,5
22.735375799639595,21.921086707945427,36.74477616239531,1029.317789775287,13.527572911353777,13
12.309078553493169,12.341869195702312,31.7614036534875,1028.251581145496,24.818115489840697,22
13.457007949691011,12.852394622198334,38.54769430888101,991.9131206669965,2.630461853545607,5
28.234485186515688,29.854933281927106,63.08868362352254,994.8012275760306,10.626704340400186,21
24.15428321075422,25.552167505696836,65.24169535601669,997.7132860663813,4.896804626978435,11
28.32760962171165,31.608956245990925,65.09491111927325,1006.455163383022,2.7201847557516396,21
32.11363456743164,31.616473046453503,47.86383884752564,990.9592172826166,8.371907336988343,10
23.71394789810501,23.184990553066907,31.35283606855142,985.6777271921746,6.08640894429994,3
34.32074920596458,34.36982905366958,37.01871712958681,988.2335131253652,16.171505600430542,13
25.553315883933507,25.655858035526595,48.329411203041914,1003.428990218757,9.780705532087076,5
26.528611825681633,26.81296140192596,54.3713833868237,1000.9132040451287,12.070437358760277,15
14.304248145873371,14.155734051291468,51.604715738361094,999.6063927493394,2.1412598478852547,9
36.24527192168094,34.872695566160886,28.864598786286205,1016.7062271828485,19.463384275085136,7
27.64827736497603,27.400744916874324,58.48020786143177,1005.0698239297662,4.519398871018171,9
24.276644055055097,23.05608150137011,29.410339915868498,1028.9134742999495,19.640044810575564,23
20.308318467589576,20.550856503190975,51.76925946648381,996.8664765551707,5.6488177713313465,6
17.15586223678497,17.050864314282663,51.186247014521285,986.5227818275697,5.785915761585617,11
20.012945822156738,19.23935498566933,49.291464802282064,1026.59513422103,11.981059375983264,21
15.889186302394695,14.835883573912064,23.6593460590544,1018.6263211581297,1.935556583321002,22
11.10949278258172,11.203570899458835,50.96756185237355,1028.859386956621,15.293447646061791,3
10.77919911082209,11.807911881448465,64.14120881159805,1010.656098687078,23.032160292002683,12
11.215942095606518,11.364135207067473,34.78840418567375,1028.0789485519458,24.275728281127492,4
33.80748556502408,33.44913078584735,37.65416815115316,1007.4834834501845,9.382451884327999,15
13.13049295863966,15.615390296096297,87.7615520432017,988.6328700548795,21.383691717090567,9
32.13462904954348,31.950837821111424,57.44109290311287,1021.4761582750377,21.715681636988293,2
16.641799062156135,16.870150888703403,60.38552863413878,1001.6012399816871,12.743067639162026,8
18.25076220734559,20.277390065017663,80.59515254609124,1011.2145200391635,24.221060177459787,17
12.90401820433797,14.176047697523746,67.89463526319406,987.3636904249163,14.548430349850832,15
22.54758534638581,21.78940471375396,51.701835229085816,1027.0088031650528,2.484569473771503,3
15.408197300319221,14.000623411579852,33.73639971814989,1028.8947993893064,23.046969834233728,12
17.58365314179165,17.83369793962858,50.66235596883528,1011.5210874084462,2.7215111661663793,5
15.518210264177537,14.020201285437466,32.64602789179122,1011.4677471314469,2.2129763140766894,19
29.602076272313475,29.848378336296282,40.25466871555724,986.877605573757,10.89599097336382,18
9.50271957111735,11.96446242887552,51.65505700712026,1015.356030697219,0.4323493941770645,17
12.746274047553955,12.08751791746672,28.795044468861978,1029.6886551383966,8.972824774950766,7
19.752959048823012,18.532966148751303,24.971719735452865,999.5638427703473,19.97406313142428,22
35.20238842896331,33.23070134079635,22.638817329586942,986.5094674600401,19.52288130386315,4
14.178506958519947,15.142181554888877,53.75576612361286,1026.1065662764706,5.161067303226724,0
12.187748898195721,14.157084218901986,73.88119928078162,1007.8532966341959,13.44426944486524,21
29.02803314724902,27.00569448020883,42.183910967298104,989.1446886164599,17.646551522406405,8
33.420546771710384,31.897623124997363,26.244459117187468,1016.9910817182798,10.664225117788401,3
22.54355575677131,20.791488655741986,28.82770991750375,999.1182298958355,18.227582089871905,12
13.548750661538767,15.447313856374752,87.94676194557094,990.8628700246933,12.242251054022038,4
27.996049354954376,25.31989588841276,22.02977210351636,1029.2504873914722,3.4740092685553114,2
25.468584245627287,26.42387890667849,60.58159804578404,980.2322241542495,7.927060434823765,15
20.72012626633439,21.35943336399902,39.63185453320387,1014.7137373217931,1.5562647485363568,1
27.83891118235709,28.099326386652344,31.790838579234066,1006.856037414337,6.6999112198840916,17
16.637825746531348,15.634531700169147,31.475220466724192,1009.1360737991889,0.5772405670550207,19
15.075014787146403,16.75983215961314,72.10934776693281,986.768929800555,14.097302820731652,3
33.1598101043009,33.751549176270125,39.143216076248585,1019.2601433956412,13.920377949234828,20
30.3761996721901,29.672584656382377,50.08818802591018,1029.3398297089948,13.730502497171592,7
9.410923508161552,11.264327595605721,65.06394256708712,980.4602833695321,6.9334979484734856,2
31.41587448869416,31.7801120565763,61.479772793537876,1015.1425411698016,10.229734367994968,13
31.12535015134909,29.959508512958813,26.245551764006702,1025.043394720079,6.054303076181927,14
26.036196744916104,24.58130980781392,20.815142965216737,981.7490936758077,4.783619067546815,21
32.91822870513004,33.52200423898011,44.49031859557349,999.7574554248819,13.63362460003862,13
17.76191425859899,18.433265221144136,75.56851385040315,1021.7903184808918,17.750568287504613,10
17.191452446671533,17.93874250643971,42.60851133546656,1017.0830444359044,8.197217965928619,13
17.519036230555265,16.880979525925206,39.24854343815481,1018.2675996959827,17.129030015354655,20
34.37175784095448,34.803390986964565,35.018956493100156,997.6577201141268,9.288530611239715,0
10.905508346028682,12.056808106926548,74.04222501806484,984.5449450737274,17.042039752810425,3
22.186353073128448,24.097989168890592,86.03088780719568,1021.4723319880832,12.517639762347132,22
31.68841585457665,32.1523358828302,58.893200827768204,984.7228525634359,2.8958664585342437,12
16.712409985569888,17.498551744425566,76.28764722427921,1004.5055738318227,19.69271827216047,23
13.095642878580364,13.574792051320896,62.512709175514615,987.6375215833808,15.376279138214121,19
13.955947142304735,15.252679822808796,82.94752148870953,983.6692008326004,5.808094738298189,0
27.54112300431701,27.85081611167141,57.24607767566079,1028.4674807209913,0.08872479661928279,21
27.193234457819113,27.895624117052215,44.97393432444758,1000.9836146078634,16.363056725273548,16
26.44158787156746,25.25562873694103,36.796423260654194,1028.000632862636,13.708299963244894,13
15.62991438253135,16.009972822337673,68.85933300484547,1000.5388544762145,24.803785880751203,8
27.376987271489305,29.49613487877859,59.3116155398536,1010.0109305530984,14.384251620642921,21
33.12759399929858,34.19403663173905,67.6032239461989,1007.3868722162136,12.974886410804123,21
28.98689851022256,30.196148548531465,56.19923244074466,1010.4934367492768,2.055039737048342,14
34.36778615019776,32.60899437484643,61.95544862167859,993.6123768185236,12.585102721111541,6
29.1227157951873,28.070357580212093,46.81411644947025,984.7768103818119,14.33309282757558,2
17.655327133081865,17.858899526908168,59.96349376265014,1029.0707860916832,4.660135351702777,15
10.249009782285064,13.304491443846794,73.6049004901007,986.6141854004803,21.48821552782641,14
23.68448550763501,23.817676892963632,39.180824626988326,983.7472006349249,0.458154213629966,22
20.52625662124014,21.38050372704503,88.23320569353368,1001.9166387807177,14.982509725409313,19
32.834371800892306,31.37575504049838,52.006129373368104,1020.1875987152041,20.187789907628723,6
22.370267116775512,23.036225604172003,57.72866121150844,1024.2719382181153,5.692467835645648,5
17.23498141692465,15.455188363804305,55.17833247054162,1022.2553649502706,10.977365539296885,21
31.33053980120068,31.470419279203867,46.407639000098676,1021.2469239908698,20.484245448358966,2
14.876567653579226,13.17060056376047,21.660145221405344,1019.8965683755657,1.127774888009847,14
30.073321434400544,30.095363629836168,77.99711817070559,984.642254326531,18.639198793383777,2
26.18025536321878,26.211613922505926,77.31165933182564,999.9314480822037,12.316605645763218,9
19.813493311425695,18.78048468371952,48.64747016497781,1013.0513529117184,17.850067713087785,8
24.41864280937125,25.589642200068994,82.63232995819108,1016.3646238619784,12.332339514067309,12
17.440403906646427,17.140649714056078,52.45730640412246,1003.4204772512179,0.024974806673566663,12
19.366336368603466,19.36350297118406,47.55448641942095,998.682040923335,12.491756093226336,21
13.279139037923482,15.798677402899385,81.71962787470093,985.4485814651958,17.46495716817598,21
24.669115465371387,24.98399312605414,60.80989358028209,1013.5978070247456,21.91021221448705,5
33.26716372404422,32.931701664442016,62.19652725867316,997.576402079844,6.89957584177977,9
31.91740224372489,32.51754660028146,57.83868727722469,985.5270682208368,1.4499393118177106,11
14.490827568156424,14.90614291765414,51.00559852141052,1024.416290735131,8.424578061031266,20
27.499920455908125,29.00013862405246,46.610509937036895,997.1047502879713,19.37856910113347,15
22.914924108260816,22.53794900875416,51.79172291174347,1019.4536991440847,23.204398476655875,22
16.45837360984862,16.50394477405128,54.53391116366664,983.0223461492635,7.92721968185314,20
30.336135126503464,31.8188459891532,85.63932307655574,985.0787272117691,15.350208475973433,23
31.97995377947755,31.460318796075295,26.47146619259466,1005.266601666794,9.126266352638272,1
22.03427098723302,20.842358283009503,23.772880327565215,990.0541744203023,14.384542590248547,18
20.029950746013085,20.533925056926755,36.68360474395978,981.6701503288717,1.334387354431521,21
27.88994538317278,28.413380708369814,41.96475003140101,993.6460863766368,8.205043763440436,19
29.08693945268296,30.649455317702046,82.31544693881892,1013.6695789557915,15.280216320388561,21
10.810028887585514,11.369040970550783,85.01343948438446,990.0849981315513,1.6218409458776812,10
20.14007143516794,16.626160708125102,20.89751546574241,989.696391014034,22.646514094813178,20
31.071211003211246,30.205880250230553,66.33788876154439,994.4702565352206,9.835339408760605,11
29.779469441291248,30.479721485669756,60.995803480015944,1020.6119769304373,3.888502287512183,6
22.78772587285405,24.105795417113402,59.992401080317194,989.5849635580818,10.204116622538873,22
26.368803879054752,24.78188589362323,28.426470465387368,1024.486766739153,17.82397038898815,18
29.04966531318579,28.421843623604552,25.49569079175269,984.3516782545777,22.3966734789467,9
11.103736775530903,13.844592637830404,71.33530603124655,1018.0403770715538,21.99488018733649,22
34.102392757650556,33.912534957487004,23.996935491162347,988.8567727396502,13.519205820683409,14
21.169348311684356,24.424540310442048,77.42050724264242,1022.9925735957831,5.929858778348388,20
25.06615771336759,27.418429134103768,55.3152046838385,1015.4011891998956,8.05483626619907,23
27.437934106428102,29.50913757517204,57.486534126017446,1027.917429181547,18.288140381714538,16
21.5929070835839,23.86717561970918,80.47323214058792,1001.1762046150511,14.583011956094271,19
19.168108614581918,18.290421227695848,61.67490057572183,996.638185766784,4.59869265401554,3
7.9150077822593,10.75065013323482,88.05607964514503,982.7990142430843,10.136786822174468,16
30.712207943217294,31.855563117129396,56.86164598128526,1013.9837565570317,14.886248286732414,17
12.103273586106681,10.960658724058124,44.85106862953727,994.8041044567725,9.710923463814353,1
12.169364230797443,11.642371473859145,26.728809621250605,1020.5726515206845,4.137993390122741,15
19.713770154884564,18.509677606362644,35.92737138555243,996.5845125836693,15.15443264454419,13
26.1302896330659,27.16474783731517,56.294508245956834,1027.8281964280584,22.628346871104643,19
20.606347626881,20.01907652188315,70.26477128406026,984.290538585472,14.092941988690445,23
17.66574892120775,17.286522837344847,62.45585577262533,1010.6427680782659,20.679467666450318,21
11.067357466171252,11.404401933685975,46.341827186849834,995.9399180875275,17.054579153819454,11
29.210414091971145,31.916340066458627,78.44816499780737,1017.4993492189988,8.721668044879433,17
9.618085085140528,10.731182075863979,78.52552305566967,1013.6052533506883,4.94636624194161,8
31.629325375756295,29.870238718748233,44.5496851594459,982.1985820810727,10.701194798551866,3
13.066942135088526,12.997277336817803,21.372737273197753,980.682891821304,0.4400630925336241,17
17.199145795485805,15.843519800918607,48.1659377678962,1023.6684719824709,6.238046439653807,0
25.352741541719258,23.66775698358199,43.410976898267286,1017.8575290153719,8.877369159079745,8
23.42868141858039,23.966059911260633,60.53908628245344,997.7724731790239,24.821469379615742,15
24.545296644340812,23.314735813789646,40.63720668427368,989.2184119009847,7.467099595353358,7
26.943344630557313,24.671027950521978,34.411739172482484,1022.2213166560043,19.35476229285812,3
15.319995236684234,15.566901978077125,66.73211995082646,1029.0161036363913,17.724378648483473,2
24.174495258166168,23.868295082058857,55.58841836512389,1001.8899765637386,8.553532932425977,17
28.58814368115146,26.4182371180402,38.94722241757025,1002.9793502939722,21.476942361258565,3
30.95769899913532,32.661802774113674,88.99205137669603,1002.553803591243,2.391589660471041,11
33.7046047778303,33.273717387674445,33.3869490353285,985.0346800551902,24.71311668314804,21
15.843174673596375,14.665998494942064,26.530116930537798,983.4795923698155,24.484395491661363,23
27.010299279728905,27.21012546230342,49.6665729621502,993.0404213596388,5.878889250210426,21
26.769474054375053,26.47613525330581,33.008243889573976,1015.6124445922007,12.921211407698149,12
12.492706056325595,13.881006148267813,71.25534444185556,981.9342479128596,19.997282606720425,13
26.44751673162726,25.692701326785446,27.492039394772668,1007.888237954903,7.8270792337838015,11
13.094842832831587,12.228110802900416,38.73679060360083,993.478084662623,12.458797282761513,17
25.887209385259755,29.019626215422434,78.3914875745909,998.599737989458,11.425057734423516,15
22.803095728203495,23.613883116366885,54.57910261004438,999.6724076611818,11.685262506436622,4
26.874749716775128,28.709608741905782,89.17834806002308,995.0712455899279,14.504872581199423,11
35.98167346536596,34.60032908026161,33.54130596083562,1024.3265335352585,14.996030528577856,8
18.797383311610645,19.691220136391177,72.54683099971584,1016.909594866225,21.849985638447357,4
15.447131293800192,15.938603271858186,62.265493010028266,1027.0158076619632,0.7717033135615253,21
29.665824214262763,31.897077087926426,79.413730969692,985.3462801223623,16.992715731977377,22
26.071129960028024,26.072047751467693,73.9306461954636,1010.2764637445636,7.814368176946457,12
12.203725255433728,14.091398571642612,84.66119771137433,1011.7000383707995,5.430836864810868,3
33.05090878689944,34.72101353259158,60.28641518762868,981.2512550781934,7.879467387897224,10
35.081788965314146,34.10072117913784,22.68547029489908,1014.0106685466834,8.14116230468633,21
26.973824408173645,24.57017087708724,28.383197650253805,1022.7801313527015,7.813056783107661,11
17.026806289499497,16.74551800320536,42.20814220498073,1019.6111173621964,6.179424225265154,23
18.83081854649101,22.03360379088309,89.61949796791673,988.2327344128015,13.109387166383918,21
12.38817413337056,14.746883227398,75.47196683974843,1002.8649898998449,22.46640959386114,22
17.628819154713778,19.944836023227456,81.15436758442901,1006.158900491975,18.053687968569914,3
24.560571284264174,25.17117388850348,29.45266956763832,988.3711473873126,3.6977784086382193,18
27.711346991004795,30.395828124765444,88.3542762803521,1012.0809999357205,9.949009411127872,13
28.962980985028686,28.96788302909802,54.04604705776033,995.5008177910925,5.202180371252757,14
13.395099238419457,12.030740870166817,45.472958454673275,1024.408895518919,23.173516569550987,15
33.34493850221301,34.78831939568466,68.29272023193525,1029.6680427527372,24.387262458276393,1
30.565268072242894,31.278768385649542,62.346500920339295,1010.3415714456867,4.939934621026987,7
26.194335034692557,25.877341271691094,20.99376441302066,1004.4046130132488,9.87601339203746,21
32.65495031863967,33.43071218091128,76.18881837352151,1029.5095894625836,17.09412061944511,3
18.839581477886313,19.02686815852593,41.08113138498118,999.4183438835773,18.154528050000383,16
11.030902451482547,10.189071874453553,36.30312870546371,1011.385020680037,13.67337131120527,7
25.39646879156004,27.42560415010749,74.78560939760136,999.5097983624951,21.30369959630023,17
20.929238591929714,22.302907326988453,83.82729986776128,986.3686018016681,19.865669775669538,2
24.49563099792258,24.296806780679663,40.870524939358894,1007.4060032490909,20.681923871798478,23
28.48756529529759,28.225179201024684,56.260730196326854,993.706808359597,13.074682704792743,3
31.428721836151283,31.697957363000555,61.35631734625411,1003.7646488282754,14.924007171138198,11
27.573801107355646,27.656154063881555,66.48880174983452,1019.2665845569392,24.18464969159233,3
26.042798095616682,26.938645129594395,77.60216478054514,1029.792821458908,23.458244464412964,7
25.339379833301408,26.853257388401573,68.16823614444452,986.8533971270224,7.347914922264143,2
19.385065525939016,20.046906780918487,47.09913562798038,1019.1956190293616,15.097382503619306,19
13.515870359414542,13.037534407522951,49.13994499810483,1025.1500542575748,20.159882333374576,8
15.388474510834753,15.552695261768257,56.03195356297459,991.6167772962009,24.621648508621067,22
32.877222818450136,33.418249718418366,57.6854171470716,1011.3321841655879,13.092459656782726,9
9.37719371649317,10.939277259972684,81.94487227914766,980.5482958028224,9.628518407789489,16
12.709042560367841,13.325244972683219,84.80519846461978,995.598577121621,22.126343825749142,2
23.984657736812242,25.47931838414592,78.60534000710891,984.9376484340844,17.09181304348767,10
17.78448627673198,17.48488970929203,59.22440720452264,1012.4084024489772,10.249493147164172,6
21.683129102225283,20.985124742361304,28.48088228826898,1024.3367195972953,20.61578669972783,20
31.196433894618117,29.947853990397352,36.56431920290062,1017.136543188166,8.350017970664847,2
16.06308853870767,15.845320827326603,60.38714050846853,1024.9346526901081,12.513491928303136,12
21.406859362816412,20.748276934753704,62.29217567208143,994.2400187124775,17.042461752070864,11
15.520251402245446,13.015896777515021,22.78579891349568,1000.1878305239173,6.614775869218229,12
28.69573455208807,27.175481662581067,50.830419945923225,1025.7332553711874,13.890868930124245,8
29.44435437575905,29.62939903482534,56.931158129051596,987.6073943459759,22.029730922357725,10
24.12789455638217,26.147931033290032,87.39128087027973,1002.3057153562594,6.12029328210339,22
12.913523155941398,15.149500896924042,78.11240700997112,990.2616963390154,6.087656518464868,12
8.05822648816127,10.13283689170865,72.27203154587119,1003.9815978099764,24.973574049512944,3
25.264424990134373,26.453995607439335,65.4356421413219,1010.9021406040878,2.33252945893134,9
16.997460114486984,15.662394379948449,22.41019160013202,992.1209406943606,7.628958263432242,2
25.27394032547032,26.271934226179855,73.48669106052155,991.9493293877838,13.147324214474995,15
29.25446196405866,30.546501482258904,78.91354052799419,1005.0367453072099,0.8749710315996417,23
28.65697498267373,28.946152761609227,42.15199916120913,1008.9980990267555,23.43155111944601,20
10.067226618699957,12.31563707628418,77.13594963039601,990.2410623537927,1.9111002237570618,8
7.427935247513917,10.75967649242092,83.46573078663992,1029.2980151057675,1.8699161999234826,22
14.524698640345587,14.33004674775038,26.392801403348994,987.1030804721531,6.816699756703601,23
25.86360740849987,25.263668875385612,31.03627187578356,1022.7668065151157,19.653260561554546,22
20.307538107777383,20.26706582525707,70.25559165357987,1029.277024033702,14.058408184794452,2
34.36893934588145,34.779215653424416,69.65072889985376,1002.5195038202966,16.137263479158822,3
22.5116935444232,23.07744610425372,41.28662451798987,997.7718340362266,4.578384289294246,18
29.734321209587694,29.881682796497255,26.832702667629412,1002.7867907004243,18.07586077126989,14
29.72023073125762,30.663776854786605,66.11987829587895,994.0513963135102,18.584031262198106,16
25.398316598942152,24.87694826750637,23.490210247941498,1026.8762993379792,11.677592307856749,4
28.38759049907834,30.024517510084124,59.65105795606386,993.1157925082767,22.15653461324533,21
11.33342032683922,10.285449586351842,73.02283355061721,981.758035664432,4.574942915052471,11
25.79630776435971,26.058138147630686,68.86493824823812,1003.2935654348184,1.5806084812658412,1
29.88092850325577,31.768836258431477,85.38230937914476,990.6185327651249,18.236099708163746,9
21.297748988257364,20.493182923153057,27.406351739955994,1000.6748568531685,1.1431653690568173,23
16.500255277691355,15.521319574075223,48.73659490459995,1020.0162429703245,13.788266323307072,6
24.847360013545128,24.95563235159347,51.27405111877248,982.4645999511902,16.091034321968156,13
28.902532658508978,29.911014038086932,48.65414446176748,1002.600414399354,20.66592869427514,18
24.699898433094717,24.982482175159717,56.166498189071206,1017.4279492835338,4.1388294943673465,21
29.87876738263587,30.00177421747899,85.10037644537508,986.196959713222,0.19244507386781962,9
28.40432576819161,27.66189316217253,41.80586093097902,990.7026228113717,16.403426102050496,14
14.398790286275931,14.481390297694752,65.83430258989821,1025.4346383151453,7.404357865040059,12
16.56640196454394,16.72903927479073,47.895142016278626,1029.5458737397257,17.334925656813365,0
19.74124566951018,18.902418147446156,32.88709263526699,1003.5252539496164,7.527179511630341,18
14.65930347319128,15.242256935755021,71.99750511094061,1006.0916524247425,1.8654763892177044,8
26.517294266666667,25.078753003073675,56.200525359871406,1026.567918360323,11.691453104701024,9
30.074179302118992,31.344623042616675,86.13250561471483,1007.1350623628323,5.899389427986285,20
22.101498232000825,24.223887082046268,67.39892420017314,1021.944054025256,20.302613471602246,19
22.564167456155207,22.053302472996048,43.0304010763563,983.7059587192979,20.720556427634545,5
11.972401184443589,10.033840642886704,25.066347523588572,986.1042710825616,7.226243323644479,9
24.788991172163254,23.72274079100179,33.68994529710661,1014.2272216515662,21.575649028004396,20
27.538378339901662,27.56210209967773,52.858478939248066,999.8976528100667,15.41469595178116,14
16.4816484294695,15.616434941044165,36.62612844158421,987.278387932625,4.073410974226152,16
30.59319772670265,28.73423591612392,36.381972271481224,999.4196590191943,12.553202394640623,12
16.467790478641053,16.615875673133935,47.78225751623277,980.8782727851983,15.900045099724014,2
24.881645375858383,26.118631214420464,57.99889620338522,1000.5449952495903,23.13628980696333,10
24.95298569171356,28.051651605094634,76.35123852642394,986.3263457024538,0.1408319595345625,17
34.4380125639435,33.38711283818739,35.40463783492842,991.0831921543694,24.544490081949736,20
34.043911704162866,31.45058177518073,20.26037625726414,1012.4522233634107,22.078824659295798,12
12.3960266018715,13.56238857253783,79.05763707654843,1020.8372639736341,4.413854806071013,14
33.60285579602992,33.64374255564825,53.85151336730303,1006.6117423838349,6.107257363429114,22
17.082736805448228,18.645152460260626,78.04272459649424,1016.8247104358389,20.323824591180152,3
14.553514123142058,12.78780530803191,25.149434795103595,1017.2733519103527,15.66258268165241,16
11.726538618010224,11.503558565019631,48.4456483694223,993.7027103714773,20.36921703367562,12
14.057912439132943,14.366179647408238,70.13151767243278,995.1739349006909,8.546634298417352,22
12.002077271960314,10.973249083141686,36.194409924010536,1011.2259007682173,17.511936742253546,10
25.91021836524189,25.399636256504476,76.4695465421543,983.3514039518761,1.7195164424414737,1
34.860229116001,34.758307594841206,31.02503836530627,1007.897437071724,6.262539922117583,7
23.609627736042366,25.532311226240253,67.39515988609136,1027.9503543382218,5.2011663566567305,18
36.564621757608826,34.812865504049284,20.063408467226317,1012.7616242288173,17.75260236482078,1
30.705566302831,30.054924518850992,43.54263759892335,1017.6077446128833,15.443512515624949,17
22.593706036512604,23.08477278435916,65.22328608676172,1022.2202806146033,5.381719350821496,15
12.233769041591211,13.07301696163469,67.02454891784062,1020.0960196127992,12.529165714079301,4
10.985573970727296,10.270277090879908,41.62026294655242,997.7566607657895,2.4930900016517183,13
13.07819903410515,15.367397186583887,82.7068470979005,992.5402066250448,14.87063223184428,17
29.413154643290245,30.071336214950286,79.0061837719338,1004.7021433467867,1.7131496899247034,7
20.741098450106783,19.939859949069856,28.496034718403376,1015.1313553161826,3.594629325404805,2
29.661481477704932,30.000087044092034,35.98980966158941,1005.9203772367288,21.773016521247467,23
30.67576964742331,33.31776270331903,87.96332980149086,1010.6728713315629,10.257640338997879,22
13.582591935492875,13.520073722316901,41.08619063557357,989.328192981733,21.127641024506545,5
12.592524350935854,13.499684418044072,80.9890295665082,985.7161557059562,0.6103578705555529,6
33.088736490624306,33.512598821985065,40.24247776995102,995.2221724495187,19.193520246317725,23
15.445802461332972,16.037515699820837,65.26347935602888,1005.0851492088175,6.6616735302300665,23
23.628407029030242,24.143299099894776,81.31531155303435,1018.5742437408463,24.114504645041322,0
20.246741067667003,20.724850684375458,52.053020658895,1012.3854537395115,20.055532974282546,13
34.635492558431224,34.32695407430832,29.124617580035423,1008.7216878648179,9.871024994125527,14
33.46700241284186,33.48921472562914,54.65391619582094,1012.4895363756312,18.022076862703102,13
12.1818682105315,11.55508065411757,33.75089206559501,996.269521178062,4.083060242857714,20
26.5658375162643,25.428624665100752,50.84221798414223,996.1407248856922,1.1376059447574027,15
21.403718548383473,21.18006351262089,40.7323735891299,994.9401532041637,0.6193531733595936,19
22.921657337727396,24.92107122292223,60.30547297856168,1008.4667600888047,3.9791883619953614,17
26.49461047978499,25.910756238590917,70.71905364111727,1013.2172145732358,12.566233365557055,3
25.144978367219394,25.59996213822456,67.56862856008787,999.9819241246968,24.85434479204336,13
17.109916545250456,18.27245062131623,78.62307637331422,1012.789813994986,9.593054367986362,19
7.906406666736843,10.598656631762088,62.62993777363499,998.0795133210155,22.233440300536206,18
22.339472818454556,22.222445794811286,35.76449701513411,1001.2433963534005,1.6226674053667456,14
24.20702332470742,24.44727781735221,61.35276049471454,1023.5585165980486,9.698376891971733,11
16.857347050224778,18.169867646444434,80.0522429672368,980.6838825552322,4.812019194260541,12
19.094613183034074,22.051026452802063,86.3897608879045,984.0695158316491,17.96738467868847,21
21.379048403615734,22.360507617564537,48.777939189639405,996.3688340057699,17.734768631278218,18
15.49274590620745,15.408319440770676,52.26787145487778,1002.881331629472,12.106510736165319,17
30.252849077793552,28.643344568280803,38.3757203338216,1015.0865520377893,17.055659417649778,2
13.140794580568327,12.039373140284148,22.365240566377405,1023.3702056612284,7.04734426498331,21
30.892118978075338,32.69596284708835,79.67072199493111,1023.3914251082466,19.305659334641987,16
33.51591251810305,32.863716596213976,47.21960475318815,990.0435367845829,3.4446380168774215,13
20.422442726772765,20.59345634121907,44.933576042296565,993.1701805977922,22.71115514226004,10
12.715806217450632,11.924291734521852,42.207865151479,1016.2315668449697,15.693926931539915,15
23.134702944233613,25.80660719798826,64.10130764331791,1003.76232632936,22.29670510953315,19
28.061602860876203,27.45404285049363,56.31234929802966,981.8626940307098,24.015020250313032,8
18.985905427791586,16.294557395634104,28.82807256627874,1003.4651498180003,24.540235683300356,5
22.744197187588973,22.870433848242254,77.93271829444073,1003.34837045819,12.042194216538448,13
26.386775509708187,26.696697667520336,61.26295621652728,994.586194359018,8.271295121816124,17
21.340006726822057,21.779197473320366,85.3515200590876,1003.6891681153911,21.23171876095453,14
20.907968934818474,22.0146644331662,64.61817368464551,1014.4087218361132,23.617726270635305,2
34.19879290378855,34.6214600690619,80.44440153239728,1005.9726383258778,1.2227956319621758,7
24.086287004757036,25.348339619001543,76.35653637596684,1008.9468279703501,15.327689898889743,1
24.839889274360306,24.57977010692744,70.44104935594461,1019.0466589895248,13.433639710325012,4
23.535876014693955,23.004087527799836,38.203362817670374,1001.7694698064007,12.278463392395672,5
32.56052889482419,34.14580799295832,79.14652640908228,1002.6266822014651,8.021626125599242,9
26.279163331716667,26.594742154389728,72.33562771954844,983.5407350692882,18.350106363592104,7
31.96309797352381,31.847251939062883,67.61754818312619,991.1260522088724,12.287282556488064,2
25.63340874347698,25.738942422293416,66.76136167587919,993.8687906666651,8.181434342491606,6
33.03601927548798,34.91592092684763,68.41503813813227,1027.6555542640965,22.781128893857495,12
17.916217998336055,17.32055091752412,48.35007690112839,982.1075208481467,13.749937137183945,13
32.74707486096279,31.210634477263117,28.48854253513957,1010.6536154941358,20.21855572552799,14
18.071013278287207,18.38429015543656,56.933711978709546,1028.4621065229019,4.619124710533923,23
14.996198916659575,14.544471680434048,29.378240672484683,995.4628055236643,8.670184982947596,21
15.864576696800276,15.666410055674701,45.62197860225607,1027.4977504666101,17.099508314004737,9
20.965818787340723,19.432104077615566,23.430325147989148,993.277209240162,18.812966514259053,0
27.588872591374297,26.138358910263058,31.379694806443503,1020.5200970429491,13.594754748246801,20
18.614943619103975,17.428042890579377,26.11917655097587,1008.8454767661376,12.189134081973119,18
31.27077877396976,29.16318290554068,27.037125108428512,993.5944160959262,3.47364839856871,15
16.023141605862183,17.79659644792208,68.26739462337906,1021.7974555455784,19.914906035197706,17
30.27916518975026,30.562014090859023,41.6557993456009,993.5588892855602,22.124840334875646,20
31.730952161525472,32.67604901037554,52.55247273114709,1024.454812135812,2.452359156024536,12
11.6844324609499,12.004500352047586,68.57043396298762,997.0601036196077,19.808774108873262,15
14.896344837177816,16.05138178778751,41.06764237421352,1000.8527618116353,17.013871191112045,17
29.3626776081216,31.58868806286363,87.29923044926014,983.2067626118692,13.15356899222866,3
17.10136744880924,17.822988700720565,55.07331644560927,1018.4205271557017,22.312787194463233,2
14.898401008261922,15.791792534586085,21.48048763445914,1012.3336376579953,23.654342619908633,21
20.410502732094162,20.412610797596976,72.731905231548,991.6789541560934,17.735069242983283,3
26.264296444292725,26.891572555176825,43.43147286054953,1020.3104827586217,17.085664760450094,17
16.327294782276297,17.16353130320711,26.7686191851297,1010.9546547635559,17.908275681417383,12
15.885071280617652,13.483901851820603,25.503869769283064,1023.1811500459977,0.9783063620964844,3
28.148158131083157,30.853614925016895,69.0905339461869,1009.0088184898267,22.385351451675493,14
26.511898656074514,28.448773684939805,89.78933519687858,983.218744175752,3.2396432502496104,9
23.752504888039727,24.882581648187227,50.592360781483954,992.3572535015147,17.754290185075032,16
31.151844129810552,29.116273759621837,25.005211703214474,997.3199659881426,13.12083784503442,8
32.06469479973586,31.933761328320966,68.52466795532074,985.7124226629028,11.267207215129716,9
27.6374131784742,26.285509708796607,21.375603792279346,995.5520852528492,14.733459448763695,12
29.138310791506054,30.84110026187931,63.542063547640645,1000.4133386963213,10.723092693503986,12
21.9245733753898,21.522458455164546,38.37851610140002,996.5107612580014,0.08405945807341553,21
34.83052414943934,34.07787778972935,76.62009773234958,1025.069342840533,16.675038317021617,4
29.19502586451951,30.506332973622243,44.67029120771891,993.4452152280741,1.9054598361262054,12
25.35167840496224,23.834279743744297,33.390240968756004,980.2399912408686,22.266009657015427,8
27.41667512418097,29.58468049989596,74.07484922674197,992.6774887965954,1.4626787862359103,13
34.80710954680043,33.907297037834034,34.37577292829897,1005.6983256261323,17.23529271076282,4
23.561944570974152,22.38728290515496,20.98101622682399,990.6919444747632,8.284827192412905,15
28.65737281873791,30.11236606079556,80.04358838607095,1024.379449535943,17.37316741100256,0
28.61009770223314,28.96940634393313,44.20799992167157,988.9353060466304,7.4623528196842175,16
29.104245597703528,30.45951061948838,80.13912518258633,1004.5970191304679,16.841358269556082,6
15.307663926797492,17.695478750652978,89.66115871400848,980.8446677535759,12.962953315242823,4
30.57015901867135,29.272805093645548,21.18783905208265,1009.6095090214609,21.75357513879343,8
28.761329234104274,29.04495478444243,43.57933910130069,996.7956922553345,23.04721213963643,9
26.70932632147486,24.87118448754774,29.84573374635667,1011.4430292672251,18.409744751251118,22
16.80291411052262,17.56048778196341,47.1685019737948,1022.9680112376411,21.386688227902635,21
15.41191715176869,17.413997805148266,83.08814454575943,980.9174330836817,15.450556967037809,13
27.88554477584883,28.98231267296184,74.69493528766402,994.1021177394836,4.774222443981236,13
23.901873540569305,26.410240087516424,71.27182403936108,986.5507277216807,21.74042496124673,23
26.853055929815465,26.912834644431165,48.40000969266634,995.3574975094976,18.836242756052638,23
31.100970144224206,30.722084147065235,39.45237881914292,992.6942005480535,12.061886110445814,2
29.42459303050396,31.934326798198885,88.02917109278393,1021.154376450344,15.9160258839682,17
18.867327158414113,21.633423348487153,81.04742446226068,1015.9585961421062,6.624519322922076,12
15.95501826513108,16.447192135830058,82.47283657664082,1023.6474365204501,9.203339749528455,9
13.718556131521016,13.306717877462043,56.178573741414944,1000.7779766061658,2.0595434769602656,5
10.666888864051277,10.24809552819589,37.96631829271401,1005.7473675757223,22.6504863944122,15
19.08003633075061,20.704603707932858,75.84632769387508,988.0037052743365,20.200368726569586,18
14.318258656724192,14.910480396800434,66.95230403302413,991.8565801191661,4.723213886217362,20
10.099584382245043,12.743404966937588,89.94451092604086,1025.4859155953889,12.981585362196107,8
25.67584429150787,25.89113304881533,20.351785235571835,982.14186605945,18.164267708194842,2
17.76238858908545,16.183507895477085,35.616301291174906,994.3676830870999,21.98122607694462,2
29.039637024958335,29.996381398682882,65.36212226386499,981.2685744021157,10.596447354231792,8
18.786266776073017,18.289117476679845,23.78333391448086,1017.7571525058071,7.280733205781606,19
17.900839542217504,18.98727878049388,80.05004484622422,995.5073610545401,5.846209227136942,2
15.973961347442174,17.127379217346178,72.32644457225534,984.959726505644,1.38476825052348,0
21.23281774464751,22.095063496516183,77.06261623789224,1006.2036223253352,1.866985820417741,15
17.654032490548705,17.64010538725537,49.12494692860803,1026.3278557570918,23.819147428833325,18
32.44087086833311,34.175881881403654,74.7401277915759,1025.4066028280315,11.983807230395833,0
29.205058213606613,27.43678654173209,23.522605305426477,998.3916112160479,14.14319778360731,15
31.08795233607831,30.49062173869112,52.22703229725284,998.1368323986242,23.258285829911376,17
16.869287557552944,14.183925805919525,29.91279454325295,1021.6421546433419,4.628522126050888,6
19.102169773683165,19.898430654898746,68.68419214243552,1024.4215852572047,0.44078522335061765,9
28.64370862624279,29.966394508915915,86.81133863970919,1012.7084155995966,18.879214807383192,20
15.410099693781966,14.372035929398985,46.484330717785284,981.9621788020273,0.10492902076413013,1
20.306246372060425,20.18413810532081,33.2312097922548,988.5053441006038,17.060154048882943,15
29.698152344098016,28.051773455068425,32.09301227967611,1029.4592082183049,12.205249456912295,1
24.68707012894689,25.697509737272693,77.48815942609919,987.0032279679468,6.750062028029882,13
17.621486428161873,19.1148432049385,66.87278795762623,982.178034028621,7.297740344758591,6
21.81424966141289,21.962276752679728,25.32593087358551,1012.1358577372779,19.055019323152063,17
19.935120120086875,18.884614217143486,42.40416949285078,1014.5909293062525,23.384556518319656,12
27.19873430615757,27.71861744357441,80.12863829855542,1020.7396000817948,8.14166830695235,10
16.919757219219303,16.904238945522486,63.73567791031077,1024.7760060190412,11.878679503922063,13
23.924853484035772,24.251529252234125,49.201499528299145,1023.6692082185524,20.00395591661991,22
35.01230675659673,34.92185629614868,71.52247802982458,1024.454619912448,19.33797975605258,8
11.74606086821907,11.550919090719539,64.34747055313191,1022.7813840767617,10.179821242146339,9
10.590778581397537,10.778352072112783,32.21489404785686,1011.3866367781133,7.006632504360708,14
21.262888662840524,20.211330326767467,41.0046958033808,999.9570830546976,9.514153323680407,0
20.491876510355112,19.05588604130721,45.35271219559061,985.0015835533577,5.92390906470392,10
29.339030801942428,28.878431391840476,39.25692170913871,995.4882291592594,23.000020868741373,5
22.16985787007999,22.100514312735104,63.87486719362912,998.8496617683318,10.970918452103273,17
23.13763666127462,24.607857798077507,68.5044160457352,982.4723718339674,18.057608233238465,13
15.398545736903959,16.177580850253662,63.26720758931878,1010.1454405712343,22.096431589998982,11
27.865358097287537,28.70459780122116,51.81379130687497,993.3275060227144,1.384478353698948,11
31.060632996632194,31.654403644373378,79.32833431383155,1012.1933963777564,14.135084798762607,22
31.579360802065395,29.78895506478425,21.851283181836724,1022.7007765227729,17.986922329411613,15
30.07601344877641,29.73232120799214,45.537266741549985,1027.9452302422603,22.8480549766576,8
20.67582152337576,22.429369100210682,78.8767319431271,988.7139339250681,21.167518083760026,9
30.646473394788142,30.809088491524875,72.84107702359924,985.6610324966724,21.634390302552738,1
11.381896362053984,12.054291686910684,53.40024631923345,992.0267543257974,14.622787506795445,12
17.277902202194404,19.93218226400918,70.35717089023741,990.1136590871015,22.442630661814512,15
34.71277717723615,34.69170019991618,77.24754514963334,1013.7873380173588,8.37810666740562,7
8.83589180481569,10.225961726982305,83.41607775483851,1001.348309964061,21.218424814829348,6
29.273387900247553,30.53470907251736,71.95407063847928,995.8536884681529,16.78833822636572,20
14.494455359722876,13.97270419173384,36.84988099644547,987.7795162192504,11.782370713332918,2
35.524527666837464,34.66656483167866,45.519649926390514,1010.2119755166071,13.300867170834751,19
26.313490827851638,25.930036920207012,42.11550756699457,1016.4052246183871,12.46104601087486,7
20.05766242326661,20.860082975165245,62.30665033579657,1011.7475757880491,15.569029808504714,16
33.629019630085196,34.650026595571774,44.34756432031322,999.7129117747872,11.695357404524293,20
17.299956551826128,15.776869914701784,34.29795275554775,998.7268076225521,0.8321387315864237,6
22.235689663756723,23.71471037636721,43.919831553918186,1018.5015234350758,2.289800853611718,12
25.147079110141966,23.568111083689903,48.36379998027308,1005.1201396740063,17.066045036126518,10
12.192801157705727,13.427742643224976,48.55259657461333,985.7145642918429,4.574334585371736,14
11.057931844191796,10.97448301652826,61.65324414466328,1011.3458139656948,18.405939917877948,14
21.278337047782564,21.72601868795385,59.60260949572077,990.0133077358998,19.131083071518958,12
10.594801398491008,12.602714549614346,89.69516236720445,1010.010127354629,4.5120752017033166,18
29.57283656594762,28.975132063048274,46.69861669321864,993.2671237403466,9.85604969587291,4
25.244894962418183,26.241166224809213,74.31055456419509,1019.7276147210853,14.882988644572375,15
17.30341164146381,17.284026820943613,85.65208832664185,1009.0021777649049,0.4408707263086592,17
36.13555236879075,34.992941832153264,29.339143486624497,1017.9397071352156,16.396223714346853,5
26.977842770160432,26.80959608229259,53.94945992042497,997.5351163715363,14.636750725572231,12
31.620193345735473,33.918010847233745,58.435825579810604,1006.9169745175008,13.466748992135827,15
13.778924523379073,16.4647897783696,85.55959281606043,1014.4433242212777,2.7037399503315656,16
35.586379869037444,34.91742134632442,26.279064331039205,1017.25663742492,1.193344741968902,22
13.13620029360867,10.982803496027474,25.387842810561214,1006.82773355054,14.08945856941372,22
20.018065041501078,22.84973722899527,88.29213434096567,1011.5003567723262,21.847680969629174,6
21.47537246788141,19.87827269028758,59.294907693253656,984.7137988949468,17.78068203676256,5
20.2029139607088,21.069953413593435,81.83447907154728,995.7157439362346,6.282823968136092,8
22.86603977590498,20.846291230949326,31.30133802230447,1015.2397918066093,0.08447117021030681,11
25.462189124719323,26.81757485522245,70.41875467631769,1028.7158818602206,16.14226671123846,21
11.262876086502619,11.711467983339451,40.15156523343912,983.3245397587383,22.39772846828727,14
12.200792341892411,12.102670152874936,61.729985468492785,1025.3945300206417,11.132990455593797,23
11.150355404453766,10.882783873505977,65.03588075488324,1000.872803554687,8.895759466691523,1
18.418319409287097,16.49177097376035,68.0655296347826,1019.9091494787422,6.3337091118214754,6
9.525120422831764,10.014948470869882,57.626617014213394,993.2574501108505,9.738190209313832,1
20.08055093349523,18.255376621787438,32.80460481734593,996.1521792309301,21.2529717014028,4
24.433167136928372,27.02794634912457,82.17905375580543,1005.3185836772573,9.566028876639287,20
27.017411941465326,26.73000657345196,38.56995623602367,1018.8069701845761,10.665634336909863,23
27.755023808156253,26.96674891681412,51.84655437893998,987.7959254831413,10.994212597203589,8
31.123292155606897,32.450763723749674,70.90139668180969,987.0529899746149,23.115024760542816,7
17.077125071168773,18.89181791162373,82.82726285654589,988.2938962331268,9.03721074913119,14
34.93936305783345,33.724516676175035,36.259135535335055,982.0250343240959,3.6698439859240732,0
11.581872795042115,11.409387416273178,50.45102160381564,1024.605600784554,13.1859021232307,22
25.474643106975417,27.273443452561647,81.96672150952956,1018.132627937807,8.168901181075771,7
16.119787160460785,16.92531310814947,84.94540355627208,1010.8356165383567,22.047274123702167,3
23.32467722377152,25.34010285593646,89.24516783944102,990.8864517123512,24.837088042656237,12
20.59074930822312,18.791246808547633,27.60251816425448,1027.175176781662,6.180142592766236,22
18.496754052197403,19.913569558031753,77.52875259270317,994.8400102525919,21.958390147189675,6
18.15942126300257,18.47151623346879,64.75704950178685,999.1458203664887,18.829692596204353,20
31.119300124098444,31.184698264284343,84.11601027678367,996.6327250452525,2.2058581321408615,4
19.337682498303987,20.044470016358105,37.99672625765782,994.4443649687113,9.704036199007923,16
32.085081471042294,34.248163133629774,81.42424692120416,1001.1507223120881,13.267203526561094,19
21.916357101133844,21.462964054675385,65.1694428726494,992.8503116111216,23.289441325464413,5
18.69272850233387,17.305455761547446,46.8215127991388,997.5913448543406,18.512959117061232,8
18.228594328558795,18.62542099811415,73.90623218778573,1010.674638592599,13.482456595856531,9
16.632664182587543,17.26261264178551,72.38626745997279,1021.8503897901559,8.257175312302756,18
33.63250937166701,31.936800338176322,20.636092446585142,1023.1042042920116,21.084791158226768,4
14.74987893455772,15.247639827389644,79.61069800120661,1011.2929198535059,3.948659310544203,0
24.571756300807515,27.222132551252265,73.70633759114561,1004.530484415587,12.602377866900685,17
13.90363742770111,12.519450034435666,46.91610695943866,998.2512652019411,4.670021026125889,6
19.958932515812798,21.160487910039553,61.216718910935626,1006.3649566564397,24.14222291400923,4
21.9549810284786,22.031948780480924,50.010759922603704,1009.1185281579175,0.6573610167096677,12
16.162248318379802,14.347381230487182,32.49638524908191,985.2037978209123,8.207806838561593,14
17.758535906329765,19.010670678537153,51.65280575520755,987.0405931046499,24.595975213519363,23
25.719834624064312,26.542967066098914,74.7066190673147,983.9054844375578,1.4209765269954904,2
16.923433819753587,14.988561273228628,31.77656053759443,995.632815717761,8.616828525313695,11
25.701637645455833,26.624622586899882,62.35498774064206,1001.6892201103686,4.93014743077502,2
20.731120775001862,20.68666320416723,38.404697334250294,1004.2370678699846,7.997840878507537,23
18.132354119379112,20.275526881638644,86.42413527321006,1028.5028680019034,10.036275190309299,2
19.618456473544228,20.55480584701695,32.08263790315922,1005.3002667383469,10.671035234224451,19
7.167335862239116,10.257112398392302,76.41790900696677,1000.6496030096444,20.62090692884395,16
28.70045891108407,29.087896091705307,61.376676637492984,1009.69271823529,0.246990166051414,11
33.538150110646406,34.529654450685584,63.808883648766304,1015.9003105053824,16.33349811047027,10
31.929937162988534,33.76332052386022,85.96106565308448,1024.3466198158585,23.632406123434617,7
32.11089962819422,34.087481022189706,85.51959253012444,1016.1077789658314,1.5753847673202621,19
12.75702082984319,11.039321476259802,24.076648157419267,1027.0952486419164,6.127422938215904,13
13.133368791967898,11.775191613331387,47.73940837441904,996.1788802019756,17.335645052489905,8
20.58287750460858,19.21767927161988,30.321710648632568,988.992222341777,5.968461134064998,17
11.994535194341827,10.322436744738136,28.829505040703562,1021.6244737209724,6.6537486732432845,7
33.15921802675381,34.985343144266665,76.80261574061772,1013.6042195303031,5.612012530818208,13
11.490182926009226,10.634658891508622,49.09394474204086,1025.5110850705157,11.483659283183535,16
25.07415704190259,26.35331842569684,74.95503030944589,997.8278111844178,13.600307284077745,7
19.80247140739426,21.064433648320385,67.18009597488975,996.228932958264,21.148984135575315,0
21.717550172902882,22.038058787813753,32.17841796652625,1015.8933925565632,10.294113755659435,16
23.705100293256912,24.84151978021346,69.46497652242537,983.211762402871,15.849335211011054,22
11.37626630046663,10.32736141470834,49.21680592603313,1022.7303781366686,14.411496411480847,23
11.76797624513755,13.45313232850618,54.73231482707807,1018.5656816612507,2.068687597246785,9
35.88438527123765,34.50081438213692,45.36054430001434,1029.5400677972968,9.95641022892529,3
22.79429381926859,25.160726491489747,88.36323461205065,987.9814966626382,12.205483979980963,4
29.45705945314547,31.05083235941053,75.58941932125907,1021.0561813058862,7.248958045094669,14
23.503457043964776,23.31051705688043,55.29844225551221,990.5340198663781,7.287016814477462,8
31.004345077420393,32.31679277692437,63.60678309283672,1000.5891013742887,3.2655991717322945,2
31.225492823438668,32.38017094217998,60.770455382180714,1017.1228782106779,11.618048904968736,17
32.15087576157048,33.47671198625729,56.19846216793313,995.913827305974,8.070944443282746,20
16.3770612048534,17.468139339719325,58.26304577645697,987.9066322859683,4.136041000471943,0
25.604937065907723,25.83824276902237,42.83191778897775,1003.7162785275145,11.234146790628765,17
13.490373522603042,13.987306563533958,54.047413966222564,999.3666710428346,4.468003230147438,16
16.868546613379014,19.363706084489532,89.52146172534349,996.3035251163561,15.114066615105939,6
31.871903898315562,32.15950904900354,60.59774741422,981.8353991402314,10.70626750649758,15
17.251009503139446,16.921941203680092,37.02259861849581,1023.7148280111087,17.5659866001671,23
27.703798929873162,26.845972456750115,22.134758349692813,1019.935228692132,10.26332316139692,21
20.536524584031895,22.889900714481257,85.88952502347585,1011.3687752217681,17.886274091228096,23
27.96094181505466,26.78932988981999,23.45162909768773,1023.2714702541343,6.092928304188155,5
29.15458649396862,32.260237930483214,75.0065938971045,1000.8335041603185,9.710195846798797,12
11.631291683502031,10.346553397821502,30.1940116967816,1006.2438609002792,15.261887783841969,6
30.201865362315445,30.248110507572484,38.64643490010167,1005.9092471171555,24.04929674435177,12
24.573382564202266,25.026854170005823,88.31096039484757,1002.5668016369644,11.899576371513676,23
19.53767771404157,21.354591568417653,69.27551351294817,1001.6683474348417,15.730474302215338,18
19.87025331827976,21.052675866993,56.045064677473796,1001.2169069898138,1.497617525084094,6
12.666537572267107,12.571064803936917,52.5032221356607,1024.0145631506716,4.707008722433051,3
25.72750057247045,26.404045942026787,83.63039121849921,980.7415081215854,7.802297897677052,10
9.953156672073838,10.50177994444316,60.093919368086205,1008.5934844685866,11.51272899770447,12
31.613885028000194,32.87651831293056,74.63652619299152,1010.929848075055,23.04666088787565,1
13.927056458174201,16.06176259086824,78.82437243119557,1017.7546983649073,2.4018993909589033,23
20.277380332738275,20.3706413880338,68.11729388800002,1003.6710565316723,4.333948255284567,4
10.676304414811291,10.981735356041307,71.26033971979872,1022.4368163876984,11.627216572863627,2
10.602378064385162,11.291718041449027,74.87667626684886,1027.2437820955272,11.34354397735754,4
22.360377510656193,24.439834147028936,78.49001935634541,988.860468991062,18.677155234870625,20
13.2679846647218,11.560783181944508,37.23895138722213,1022.0654175749851,1.9597106742564625,23
33.51816308495946,31.652390840292288,37.49712868676469,1011.2698814940206,21.149048817398896,3
27.110696069370622,25.207987500194292,24.20512178484877,1028.6129900870856,5.4079992254743,21
29.951915505400425,28.85662433367557,50.76554463132862,1008.5819861635074,0.2395671928288906,23
20.198720949453925,22.18577995623784,87.60856681653085,1009.7458010459436,23.203304650386098,16
12.883618983825311,12.838939804990726,27.867791902320906,1027.6536384311069,16.090844702990516,3
30.27032851196928,30.979509874507464,69.4921818526019,1002.1897420489864,15.280168796454834,4
24.87911454241987,23.855662853300416,36.08013985782622,983.252297886857,7.138573446738336,3
17.525284401762583,16.413251561106197,46.84367858025298,1002.3945672422232,16.535050827969577,13
25.077697629673917,24.30121608423252,50.12214996296736,1009.4752692087712,13.684443837493657,4
20.098120224953817,21.538936860494747,85.22119973276773,985.5548604422995,10.682651080862248,3
22.047126095728014,23.023949431801054,54.62179369346311,1001.7490098944022,21.13337805056606,20
11.794197269163446,11.559851714956931,40.15538658652533,1009.6329323942723,10.26954357273587,21
32.18458772988081,31.491133633815164,57.35128110772861,1028.5364081992898,12.28695586046116,11
26.423444890067138,25.864560438757593,23.056265009910597,1023.6517800763069,5.783207807673957,16
27.16156138056122,25.641269735681913,31.385655273293043,996.4416523440595,22.421956045748693,10
13.272287297094284,12.967727387727786,26.14410398864084,1017.0804416971669,24.72755036348299,19
27.173889443191886,28.375629654745584,65.29491163812118,1015.783688842767,10.087186882012626,2
29.1870792942339,27.878125495422196,27.673973608240782,996.6113882033142,6.830045791824552,2
31.611394613143514,32.8711475267025,82.06168090516789,1008.747674661482,22.539640655246572,8
18.12870403587999,16.964758475798966,42.09679368148462,990.4191839504413,24.165374806605357,7
26.732613711635622,26.329069763282074,35.96702645316696,983.6341077920406,5.557955230355657,19
17.70048414339227,18.87244208716385,68.66607590234149,1013.4861503915575,4.662514585120098,0
33.45152328254951,31.927264525454724,29.677189594383997,1022.6555694578518,22.30577149872179,15
24.79735459555169,25.752328171541585,71.22432665263706,989.2611665415469,4.014671768078146,19
24.558826929287676,24.861908379654327,71.76942736778877,1024.7269426120295,16.666186642481936,14
25.39209108001308,26.20583672019615,40.7508507345578,1027.4440812449732,0.806009249913861,20
8.649834175781137,10.3578819416765,55.01385548659497,995.6702780737278,22.65664481432624,15
19.905509446065413,17.572893220829815,29.780439688526783,1026.3094460719724,23.27092578899776,23
16.414291215263944,17.407703011399754,86.44968202291886,993.3833379884721,6.693791638488541,9
18.634710319279296,17.88517239370032,40.108038641394735,995.3003052604472,9.610718326684573,3
13.725002735105965,16.17402917479731,89.04675201402246,1013.5993935701163,15.209214767405896,10
10.823809783191946,10.244271185479592,69.952515638443,980.411812079598,11.594686393883826,9
17.546413201170434,15.133323467669996,28.91183151227075,1026.3819149595074,3.693207646264357,8
22.739439414103796,22.722351751747006,73.79274569648936,1006.8604089697444,14.47812963009648,6
13.41155940447236,13.202393659155,45.664639006751955,1009.4344487168008,14.811866189090372,13
26.740264410150896,28.906344785560858,68.90449126023692,1022.5644419648758,13.426855397583152,20
11.111495742473576,10.848649464644971,26.263118596727104,1027.650808802022,24.20745786650423,20
27.260929603232604,25.842789994138226,38.798999843444875,1003.3587066676223,15.659138549406446,14
11.89363040711256,14.552947892217482,86.55212992488703,1002.1294511662229,4.939523608761926,0
35.04201947747147,34.82411990298251,48.6427811220942,1001.7718064451018,2.061451949598847,19
32.36075680087698,33.864148221470266,56.53191233492348,1001.1175936350368,24.78448046120739,22
16.19040466143027,17.578208898633214,80.54964833454434,1009.0209082890074,0.5191971677597801,16
23.433060777463744,23.248514673255823,27.55471884754957,999.9418307419878,9.6672873659697,5
11.016177117578467,13.968419084357738,83.64855304187385,1025.297760487469,9.980979241729479,10
30.559556815494542,30.98346230890006,41.92274354925446,993.5002498232507,1.1332825511998519,21
11.01270681619421,13.266308595586572,66.71908713736818,990.6311594809656,9.000523446362587,16
23.20366364454809,21.23374355099105,28.411148111493535,1021.1211155008139,18.306006255147228,7
20.22400764178993,22.30694641120087,83.85452998744275,1001.6537252572283,10.505815820036501,17
20.609526443192948,19.423610735622688,51.889674739307615,989.7587307520004,10.703736049808802,11
31.848498569109175,29.89815967858756,21.049895026399568,980.8892570631242,9.427926604292006,6
25.122901438844906,23.842787133950278,64.7484018226954,1021.6424520795721,13.368492885337776,9
14.892002047281828,14.548203262381778,36.31132750777844,1017.6751950553654,23.133201346604093,2
30.053773091833648,30.617024148128728,52.646221615318396,1018.3506264990385,11.296466628356011,21
10.406110301108292,13.420465772974035,73.56041949028848,1014.932849004062,17.929672243131787,15
27.674088222199924,27.005706060782284,33.2954320562714,988.9116549455791,8.74821334428519,3
24.23768192716014,25.154365861272,65.46892047298732,1010.6244753548542,7.499786763842778,19
18.26929610136942,18.753131479168253,81.20786221958315,1029.4666643414137,21.31841864329829,21
11.695327709955038,12.026155397691198,57.77632522322067,996.1988053280769,22.68939259908166,21
29.109680505529862,31.639059579305087,55.306649300913676,1017.7726904662629,1.213148789417326,16
15.820808302070038,17.495013189130898,86.78921490997507,985.6348930219162,8.782888631329389,11
16.823310040055617,17.923664694777983,70.4261248912542,1006.6754293067256,20.24703964264277,0
19.330769145325647,18.531111243943016,44.162588680694135,992.2068410403454,24.088753454076368,4
17.446783108010653,18.133258269081608,44.290163478854,995.8358561012608,10.959522428523288,0
9.794186066592859,11.77895712933582,82.14723482350733,1004.428058029242,16.371201559728195,15
22.929808194629313,22.456392056586342,54.85640148075847,984.671593342125,21.889409166692857,23
33.09083317206216,34.47452787937022,60.6557780897433,981.7452929536555,0.6931331190462298,12
34.025361208859984,32.73871182530346,53.09553417111081,1018.6676556741714,17.896738589580874,11
15.333141784939631,15.456347196626604,58.619866041397685,986.5661624882159,19.461708497879627,21
24.21918980540488,25.78547303045941,75.84616605460253,1004.1840222878933,5.290383183734537,18
9.544273479482726,12.028729463405979,85.35307644845659,1008.2424585499788,24.873749653048545,0
23.371104113125156,24.718288053282997,61.94942624765143,991.3134792379218,21.262665109454883,23
15.773067957816087,16.85138051718015,48.77890947815654,1011.1157678227132,10.901230515547274,8
31.648568805747633,29.6586253603888,51.311192937682044,1029.8072621062097,13.91739177052133,21
23.08143504725917,23.880020289986557,45.43827523995989,1023.7350992163356,12.771309124094948,3
27.43633764340348,27.826151265857966,66.71458141352772,1015.9394517410013,11.392657110507438,13
24.63641314039042,22.445312700857254,21.285086879945677,994.4457157901905,19.508456190628927,12
12.867753385809957,12.87332492648917,76.86895603367303,1028.5038309455,24.137770614198324,20
17.56315468932359,17.902532788674264,70.19335570949733,1014.22163447908,3.877356771517737,10
10.645852290530307,11.306446982150595,75.48637337261319,1028.7121262760868,0.5447237440563885,6
8.638577202712069,11.56412105548629,81.4680637889991,995.2091238814259,18.278277724110588,16
28.446647252662295,31.2643632003779,86.71872287555756,1025.5634894491754,10.220285309807883,3
29.33452154883176,30.642773789016676,68.12253628348097,998.9077409280371,20.850172826834644,18
33.14745067422927,34.32526386881114,60.831507372894315,1015.3395252198408,3.6901704789397165,18
13.71497832676607,13.529976588429623,45.73606322413758,1029.4380202947132,1.7747297787846616,14
9.85889889714239,11.621339862074208,64.66979317613885,991.9357341967532,19.886273954439687,18
33.40836356285653,34.21343329249731,47.83444900129271,1009.3377398345694,16.68496561402019,16
24.863413876352368,24.09732302638506,45.4327132898307,996.4154355178956,5.991303325402372,14
28.355165413278748,26.595113190545128,24.18335919248691,1021.9783353237711,21.98316247539559,22
22.049459703956185,22.816368828626324,55.10090315885375,985.2889453447034,20.812169365491126,18
24.02789668425316,24.530955535565308,48.383017343129296,1003.8945330472875,17.688462240366842,20
23.76688651179564,26.381049515975544,76.15915880032344,980.907898280354,12.667794098319957,17
18.976983315091022,16.79865098546122,29.282279352276774,999.0720541052805,15.755970309572609,16
9.283586247644095,10.406086080236342,58.655559612169256,995.4421904571229,15.447956420949776,20
15.429971543933462,16.36676555115128,89.24959615744694,1022.8978727698754,10.417009510785949,19
10.545230584133215,10.90047045728566,29.545977352062085,1003.4032730213115,10.168559679782785,9
28.627929488219433,28.119169288219037,81.15746241925241,992.7313433326448,20.246910375964234,5
28.97780062319697,27.301263825993622,46.61364985826243,989.7515115894577,1.9725818146145546,4
24.224941898460635,22.936158793876032,23.535522958259747,995.7273048801679,0.5763195861302528,1
32.08250179333378,34.06621036694813,87.34409492589461,982.6772325446337,0.31040222923558736,14
19.642345552212515,19.046327330128467,23.750359172518554,1029.4933742018948,9.009960127987865,16
10.599303118122231,10.983588516712741,46.98867510441685,1026.2772162931112,24.175399719974322,23
17.6968387211176,18.496874094201655,69.95621981785077,1010.4252306485394,9.54679380586251,12
28.554230177881063,28.72065842408266,60.667801064211474,987.6987175582842,7.3607694487363595,10
18.86932171318627,19.499476974134865,45.79937283193997,983.4790891771789,3.059120719150607,17
36.4416611711131,34.39684387275135,20.099984015542372,999.9649628012893,17.04762916151929,1
26.73173330706358,27.85131808445317,88.16198074269454,984.5625284641122,1.1629624086267165,14
13.975500094537715,14.067493595214147,50.205568389334964,982.774536053553,6.729661004292181,3
31.294383166888913,29.349784453819062,44.078574542145915,1026.7952792659908,16.043661062526436,1
29.751146895238755,28.708896341643495,24.09756200560351,1022.0168119110541,18.03673844678718,1
30.93340651915055,29.61013683031993,27.866808245009658,986.4548174929816,0.763549453743459,11
34.3805925564139,34.76697892664414,61.13922598390335,1026.7538307990235,18.762359612377413,18
23.83372570573324,24.504309230683308,74.00313414017245,1024.1684149015457,14.802680336776069,23
17.711526406905,18.887325261033936,59.61220235712313,1028.97102568388,18.175311367493098,4
19.207671782195593,19.406489638272895,58.13607596932689,1003.799084517461,10.953058677021579,19
18.617267147269377,17.3956024374134,69.68632992906603,1012.8446617327343,24.58201506437935,8
9.98083756444036,10.221582127836722,64.83383051995486,1010.8049281074677,22.09795991085696,16
22.082483237205338,20.67762613400858,29.512030508931595,1010.1422373393175,17.39395844980452,2
34.71077981689865,34.87048234914877,60.6997426408361,997.9615570310862,6.940487490484709,8
26.94670854725917,26.08220546105883,35.90827374917636,1024.3876754706994,1.231110035207228,14
14.784504988362524,17.598660031018095,73.98573707032826,1000.6708287586954,7.631607540185898,14
28.22420707201349,27.081469091489897,21.262030627123856,1008.159904622408,5.142607374414246,19
22.879844321419544,22.56068217915941,60.958516264898726,1004.2804158998423,0.12667786243155676,14
14.654141806059567,15.996852818898619,77.59321701226324,994.723204942058,8.350366768941356,15
32.81961025491484,34.49925823397127,85.20810849745641,1002.7027661304775,14.785185322472847,8
30.628373485099143,29.969580894341636,47.593334621993556,1020.1144408181843,18.93817485332111,2
15.100666454736544,17.303616213380455,86.71840800758964,1025.4652073203024,2.0931033277227478,8
13.745164549804775,15.03409455339936,22.400853091231816,996.5697069471319,13.652283132409815,18
20.631720131392385,19.003410186787978,32.483205869975144,988.7498414375292,23.525495567430855,11
26.274703846146075,27.06543053058506,71.14753080698732,1018.2531715682782,13.975272314921044,21
15.71208726032216,14.00913515299358,32.18073136112869,1013.7571927221924,7.066391318933615,9
26.77506863838014,28.878340436129896,79.25741451863837,984.2055049654842,24.92873599395417,15
35.853512225556,34.431998314161184,27.52172515093206,994.4414714959804,17.65102459895421,8
34.28531121406433,33.876512787124724,33.56523910163484,1019.5037063481637,20.105844725805667,16
11.312608870603643,12.938156169427621,76.00963079264531,1005.2528900135204,4.238949859253388,17
13.793315702198305,12.761852828284866,43.38318838939717,996.7371765899682,5.082238885898905,6
25.70800301440782,25.93893678388033,24.336256300529154,1000.8374530312027,3.380995699618064,15
21.889358590890247,21.368496390846477,70.50144099767004,989.6400951333229,7.271993306105484,0
24.22297743849501,22.51002864275503,34.01079478745568,990.2036529200903,17.994681561707115,15
21.523792202435665,19.3895738159986,32.54147428031056,1026.2764660823448,23.007506764318702,2
28.526510440300093,28.651121981635583,24.76261198641688,1028.7015612486032,9.222115559350142,22
26.166139343124023,26.299031487565014,42.835435488665205,985.9327851598126,21.445023432064765,0
21.22597090545543,20.189605214345423,66.81272781148697,1022.0038579843862,23.35939199101052,8
14.73008807393072,14.492077721756049,55.26036042129694,997.4742591154051,10.799689810628932,7
15.913675277345911,14.881074694951112,55.32461015842044,1019.9789322051001,2.588589298819599,13
11.87858040027929,11.905980449339111,55.27221577538915,1015.8851680854668,17.709324900568156,3
11.842296830729493,14.307996780040746,67.77582110813401,1010.4784266949232,21.07431005121408,16
10.70243971649091,12.460604727534218,84.70480423356602,1027.554533978354,23.11611781456035,18
11.854978369262732,12.346432120583906,79.73770134758591,1013.393011111984,4.516093330617374,4
15.722809098847438,16.766098549544143,69.71468938213854,1020.7398086329988,13.872359404380234,4
9.904221575993331,11.141218637559593,63.57845773491796,1000.8928093261065,19.838031616008113,4
25.25614773071403,25.144370483922177,76.89956800757304,1024.102409300385,12.247353553270624,7
28.313371554106126,28.71521771454581,58.498529046870495,985.1890964088336,22.574418090436417,11
17.74094516564734,16.920357694782645,55.284905582389705,1018.2555755219925,12.547454510066617,7
25.65793080617472,24.901252894023756,35.055966014956496,1026.631498286968,0.6073175849945073,20
18.36726905138389,18.16856355075102,34.50977657848149,1008.4409365883247,6.008069212296671,3
35.2067962084376,33.90117859029833,29.08480760058279,1012.7452651058916,1.9184878436314057,14
26.54160615408131,25.48474923416255,37.978210219694105,983.6809130766841,12.759890563002473,14
27.543015499153945,26.028690822132432,36.452190916834304,990.1233771047876,24.919064624660226,10
15.537002804272824,15.749843849081012,66.12599557543199,987.4630948494403,3.0353941327988547,10
25.6712985793168,24.084883767816002,28.18151324136573,997.3247531588413,14.962585351291999,11
23.178454290566926,21.92097194332811,37.66896690835921,987.2934563476948,7.824729562346902,2
33.91400400914404,33.52802031334184,67.41127715086988,1029.7995525473052,19.218230700302033,20
14.84180544186055,12.186162544997137,21.046497977296724,1001.7301184358996,4.011911907926047,4
23.125717935989645,23.919072325348246,73.12837822978214,994.8923674180011,19.724429696307343,9
21.540390942933637,20.241776334399816,33.63556618507487,1014.640419692455,7.32032137761961,1
24.356390676163343,25.088220162528025,61.552738111249006,981.9466853644685,18.487089640533192,4
26.17177149797009,27.684925000823192,87.30497754660031,999.5666418233096,18.49487481644647,10
11.018916878269563,11.741028704060144,82.07820776282715,1023.9708655132198,5.959811054725245,10
10.746713545185257,10.478887138781323,33.16409965353529,1019.7176164623837,8.924545146943943,16
18.834542085470915,17.147669730979004,35.873103218036114,994.3968874085707,22.426436709307303,8
16.873703992775226,17.024079739805757,66.36225394777077,1026.8556246960736,1.9317931566794262,4
25.82822150137931,25.156323443774436,58.04391000081102,996.4422644104495,13.617202335849415,16
30.857215294225114,28.579829968290085,20.65172035336476,1010.7467088958574,14.572150038680443,4
27.42796936985616,29.81895283932032,77.1814590125648,1009.0592671366056,13.713474801779721,11
33.341449985267595,32.69027506391387,37.21998182147566,1001.585148932821,9.628126772980556,15
14.884651990329331,16.29497647267382,61.7230516834353,1025.8489374509252,6.320905076869751,13
20.10590052747257,19.52227141577554,60.41473808537674,1013.9451510429853,24.74307226165766,13
34.26762472052129,34.24785994536508,65.24851626596623,1023.6779801136306,9.098472085101072,12
10.563698045037734,11.122782474890396,68.43047357125911,1000.0297687052636,10.731396864895922,15
11.452510218955227,12.194705926453999,61.5209196868994,996.3549832700039,5.476670546489987,8
25.174616526869904,26.145559657162107,68.02169567551238,1006.77629413478,4.026854451736717,23
32.71313017514697,31.45854191997802,48.46455688194793,1009.066960846615,11.702551111240133,3
23.233044666240588,23.398376971302955,65.5064715797952,1014.296461035411,6.547747296884735,17
21.363118549461674,24.517477113857126,65.37464242139892,1020.564442697302,12.659156339044728,15
23.051220943493675,25.14992418177564,88.59401029476662,994.0800305117625,22.38237035390847,3
24.650610007946465,25.859092221792178,48.829659820114784,987.2327451003489,16.919163530991014,10
27.203030309981308,27.95307690566236,74.79940325906603,1009.9118879925949,11.007824393797641,10
25.871816617387818,25.907283849481203,42.51804580909166,988.4861719873936,18.594523253621404,15
21.620044041192116,23.427663545463695,67.26615862934263,1021.3474512542056,5.926037722967001,19
20.61466743322671,20.594252998273085,77.62584514725496,986.3526625119002,6.728841024277243,13
15.484321555213587,16.32753847949022,81.89716217502679,1000.0662721970612,2.7761596822974575,6
13.054394873049855,11.734032521879136,31.932375810714944,1010.3158473687266,10.041129430301046,20
16.655205875236145,18.196070947145458,86.26955405237217,982.5619770573212,7.592461728223668,5
31.24435329606083,32.313974962249446,73.04435922626105,984.7105181806247,1.429491363256663,13
26.942369753846652,23.710479074839064,29.165187648874422,1014.0767500104236,5.929192032464911,8
15.274328191078995,16.946319402242807,75.60689575649994,982.1180965976391,20.23948152287462,16
30.303909659209307,30.734866621471173,59.60231145858021,1004.5570484567331,3.312473906657165,4
11.538251024716264,13.67304808959427,76.2982808064915,982.6336665914848,12.462686663102534,15
19.565671946059286,18.10834382788439,22.543852382136972,1028.491039262052,1.1903094606872027,7
15.320893702482266,16.20959021858019,77.66612249443766,982.2614815460107,22.42826165777341,10
14.41361523968921,16.133727742033024,48.45239025664505,1004.2686185602275,14.34568933959643,18
10.915949308673389,11.561439840476787,78.58494829912365,996.0676152907613,3.5006422367471397,12
31.439853178787807,30.210143472342274,48.74902804105802,986.8440159845914,13.384938185636921,3
14.498058710244816,15.551896767333014,70.93055254944608,1010.5607165599415,10.766839287061378,11
29.894559808609944,30.658520273754668,73.32198945286612,1027.2539598903916,19.65909841506033,16
28.556170089014625,28.773494959082957,37.19421018341702,1001.0268845034439,17.512674891972008,22
33.49739735891809,34.10043517794256,58.03840965387849,985.0562594090829,22.997534160923035,12
19.205780085485983,19.584928526456473,56.36141504738663,1003.7896895867368,13.371970386689746,18
12.504313397550522,11.422034944441164,21.321661500336425,1026.954065244351,13.139874745709337,18
31.56333441923251,33.457620461212066,84.5556322708402,1015.7060763701153,5.32314876206503,20
20.485215833927768,21.225969198253146,76.75113256612889,1023.0782142124979,24.159932296857182,2
13.796406568143157,13.781170718373364,51.40428141324139,1022.5545941116072,3.5256197150083937,12
28.772360904806757,29.092306733758015,49.34744745232761,1012.9798413529408,18.26090735884228,19
14.83174725759113,13.18721655829956,38.00066457763671,1001.684846655348,5.661515093951372,12
18.356642146140373,18.1615327060998,34.52580467694153,1023.9860266530108,4.520265875940882,19
21.41105936197433,19.25580464211442,23.073322954144608,993.5869258242241,17.507639807861903,5
16.834215155624552,17.451655029250105,55.98215736331086,990.5343958515151,15.171492590073687,18
24.57540083832488,23.2792382000258,33.94098283179469,1000.7958266466358,14.098111448024081,22
27.490060863052655,26.291670634397125,46.50923489068115,989.3373142298664,17.862403819608737,9
29.185085359647786,29.323037046902876,39.40808914444303,986.8482561904648,21.868162630530204,5
24.990294705289983,27.524228286478,71.77068240552198,998.1594598045425,1.509146087876434,1
32.02263832937636,29.750760907676536,29.219667464444857,981.8446644455385,15.359540993918841,19
18.204341773060207,19.652565945019358,89.31996194094589,999.0120583206696,0.2651855842579848,21
22.05050170174946,21.44249012898235,61.42655353643281,1025.8522795077238,24.871245176544814,11
23.387667824065616,22.565927327629804,49.353427629350186,996.5300404985001,15.491603790492716,2
13.589949030597982,11.536157253269687,39.60938831427658,983.0390584314702,18.792649004482875,12
17.686286048253884,17.2359880404872,42.140464410793705,987.6402904659142,8.258192234163857,5
16.056146701588705,13.173610343874318,21.579878760140986,982.6026199183653,9.296232567598972,7
10.246959929810613,10.270941287007458,51.04073719852308,1009.5294828869293,7.116384837339801,9
29.739348010535085,29.39029627313319,26.36548149391288,993.651439783793,2.2408636205206944,21
25.29437506214269,28.240154458451602,73.8122991953759,1015.8086938478216,20.18746829141652,19
12.469610143640391,13.716568193827824,81.14739849716503,986.4406536881494,1.1369487826509235,11
25.741271861033315,24.906746962051326,44.924710938340134,980.1227293221922,5.254627590538593,3
21.972135841849,22.64894769337329,49.47832331038571,990.3944177052499,24.91403548784642,6
22.928947042133654,24.42203003278021,70.21824887836472,985.5250675613845,15.619998051818706,2
19.437055546191328,17.415312053927327,20.647676570513166,1026.3356422653887,19.64679063982764,23
20.605347934158605,20.711447596219887,54.569291031909295,1026.551429813878,13.55489112215184,16
14.17221080943923,15.299851367466452,53.38943407647225,1006.9615263668242,2.0268729036824693,0
12.858930015327129,14.767193016591664,73.36528495950209,1007.8399192186586,7.285056657206121,11
20.104753317682853,18.961643213606816,53.844865957476266,982.8420285356194,1.9212365465308552,6
28.799185056417205,30.784337859642747,80.3939544221458,985.2253781321363,19.505164305029773,18
22.74804914675719,22.50145647977717,48.150946729077724,989.1922863444648,12.047280781760989,15
17.90063694155298,18.51028890285649,57.60185251228202,998.0739167047137,20.97932026275743,0
10.92522785120404,10.000767971134561,54.800767111801015,1023.6436642883563,17.889240886826805,3
11.570289462139321,12.209623674612967,60.28507129283413,1011.7226569877802,16.559290609906224,4
11.665813012031919,11.773305403344336,62.42096823552569,999.458230825674,5.540229705978772,20
14.849290860882778,17.10685232318792,89.81960573374879,1007.6107534027315,20.959977212167303,15
24.598479059883665,24.14362376533223,48.125556923335466,980.7707479224204,5.831441036349949,5
17.20795765616043,19.881482885778944,84.1968953620256,1019.1220817600097,0.5765846749306747,10
31.296953625239087,31.6108311717091,41.604285396676545,993.1228151492445,9.373692930966598,12
13.5280685805286,16.98190221136026,89.4180298274915,981.8998918652371,10.638357443029989,13
10.993310977589632,11.438969000416106,51.129894380083506,1019.0472409475244,23.376104909768262,0
18.721034913020024,19.30045214481958,80.75857387116321,1012.32008683329,7.282570217628759,10
32.40512270702497,32.87503844368818,77.47223629675017,1008.9916370633432,3.1622739830063558,9
16.963184027473627,15.860640000287868,20.844895471043255,988.4284572196057,12.887997897859416,19
33.16395792874657,32.689161848152324,42.08732264641949,1015.1515849987065,21.65472288163952,0
23.492710792633524,22.31338451785723,40.724585702726294,1023.1008858065009,21.245056520058842,13
26.05367537751543,26.760858344922937,72.77563791089969,1010.5253087020909,12.74376029034418,23
16.9673734933481,18.20481884023279,81.77465735476954,1007.457784539512,1.9701674511351852,8
26.670200675386106,26.47213675581643,44.310193201398846,1023.4670053953678,16.846634847992203,8
13.463204760972916,15.156302845903815,88.67206423805533,997.3428505464444,7.661443283761265,5
35.76905128288629,34.00339011013618,42.065171616410026,982.6412322242069,5.65845696093715,9
11.29094672114981,13.005180728014405,58.792687881415915,989.0486531989001,18.39351124733623,15
19.049675519957788,18.25389875789011,21.400820654014236,1026.304067339346,15.285770180697222,9
20.847700128164153,20.107969202607304,23.440387324162394,982.2278315808827,6.7721513756593685,22
30.551824640812118,32.76514293036055,81.62953320115234,983.5267147618661,24.028110046292934,8
27.509685026947892,25.597395907290963,35.65217838265698,990.4418510225992,1.3146715053594271,6
21.095725453181352,23.45987448217394,81.92003909407838,1026.3113725102914,8.168092078614958,14
22.832422786989486,24.578255477489588,82.96171591876846,1006.0907850691627,7.396279130301103,13
12.254047852344403,13.137157419978767,76.57099343169489,1022.4758833096339,18.041463737103935,10
29.192240495551488,28.43584421803714,41.24527364035666,980.2826052420593,1.0647738492578274,23
12.717215883125792,13.013960410092256,73.23252243932467,990.5786403244651,9.82942578969001,21
9.652670049382689,11.46377323109948,76.83774196735612,984.5419090530708,18.231299328210365,15
17.946328974622958,18.415106954848014,59.5215856903225,988.2874507694228,10.226900864152388,16
29.98711354335288,29.04754531512175,29.39416984284452,1025.6622809744158,22.412131816062413,23
24.232693801295206,22.08235712415813,37.26819008207981,1021.2519455311681,13.369671885827877,11
25.433888337484817,24.5914027962718,60.551938195192264,1006.4314918768309,10.18995834580453,2
34.30734875418781,34.05431371186355,38.675618460368156,988.0856389165054,20.703129796422527,18
25.92055034876042,26.91209373801511,72.61758369219963,988.9924074204599,11.14554455179198,11
24.807840431737297,26.09891448619034,70.15333838495168,992.0256021202769,22.552661642957823,1
24.202885643189916,22.802326457482025,21.47064098904525,1005.6570750756639,18.732259013731255,23
18.593545523261913,19.081383791895256,66.29366796853489,997.2525434661028,20.573758000555404,14
11.363245620699082,14.107171081810232,84.80261851387138,994.4968546831188,18.725201356211954,18
26.419399255607054,26.46351289175137,33.4311229083151,983.9341828470949,12.966157235541731,2
19.45523706721787,20.48179152915055,73.08825711239422,1013.4118508488672,2.005607295025749,12
14.615676176022848,16.763981412199787,55.58181859936862,1006.2353770591133,21.120401314303585,22
30.34660272658284,29.34699139325391,37.94046627584523,1029.086360869083,19.00968455451259,8
14.124277457452939,14.605620980950654,48.56283231219716,993.3755928676933,10.674159854775231,20
15.055494426602506,15.197156378650684,64.20810650733122,1005.719162325551,8.126288090239688,15
25.913634886897547,27.315648805654114,87.81702834044631,1024.8014182662496,20.667157591786285,0
35.22464359239399,34.73627827412641,38.80057230330766,1006.3374874940374,18.12282857130858,17
16.55120539643721,17.534446854103553,59.864808096300315,1018.8580598102798,17.816530641168647,22
21.398568482644247,22.914315711149477,54.494694210546896,1003.490103784884,22.07939926535808,16
25.465223409120764,23.942720656251097,38.75115079722085,980.7707583038269,13.520301769951889,2
22.78606134834136,20.845435489413237,31.006496556596343,1027.0318275403122,23.727427223210658,6
28.393171398208125,29.21453327283005,70.58282073841147,996.2989521884406,2.481503732729873,1
26.863173743264976,27.08238441516263,38.09900845481721,1018.8320037186312,23.41116057029393,17
27.135444395685614,28.142987709709,52.47897922082666,993.6751432914854,4.653303859202487,17
28.466029706111208,29.723311794400182,80.27233799805683,1016.7707012753501,0.822844216529342,1
30.796877587431187,33.59253982050552,89.04449460609135,1014.8131737650267,6.649563484498547,18
9.705260892385732,10.209092046921427,62.357113556600545,1011.8172157659045,5.336233306115232,19
24.536745388240313,25.828784389850558,50.94463491826525,1027.658876913157,2.285413727862942,20
11.231382670065623,11.23052286351904,57.38194112693024,1021.3835567784597,4.643976405155254,7
19.780103683545825,20.563710707798617,56.28797386431456,986.522674358868,10.462909666317097,20
13.180914364191613,15.809608076401195,84.39096538913799,1016.2394650597718,16.536919221407175,22
26.59011102003316,26.935951780707363,88.63295584481497,994.6088401691022,12.449753193869215,4
30.37072338809116,31.503492333735874,85.2853670379735,1016.3220679053709,2.119515593243859,6
32.12280004310442,31.919140919043738,24.70992290450602,997.6774427102168,15.39474497450311,21
15.640731367288936,14.917204932820576,38.435453329865545,999.2169513979264,8.89121082079242,20
29.546209509553044,28.846702067747824,26.287802680045882,988.1820920663962,22.910322952510693,17
30.300113584415023,29.740453569863845,41.66286843620206,1002.4113291054113,17.160497349941046,16
12.20895437960031,12.751298113191918,53.994400888933825,1015.9265659061123,15.238007782748106,22
22.411302378821652,23.721820038564996,73.84189086665113,1015.6302342127367,13.843895908447465,18
19.204482479862158,22.345351011423215,83.08243362521489,1008.755628346968,15.852201440352953,18
17.610881749588508,18.379931041147522,54.772039960418915,1001.4872690537834,4.8072930807769945,14
27.461222470760532,28.410050376641014,81.13527824890066,1001.0595689912695,11.345947031424512,2
35.26725468769349,34.23530805838219,21.94887358838104,1010.2535742590384,13.162463183206032,19
22.225688501073506,22.3553111812575,51.012798364461254,986.4701500299284,9.281673102876772,22
13.019096131626213,12.392863888004044,69.47625173473536,987.579395595116,24.54418377994914,23
37.83234760914269,34.81208755395938,25.978173900361167,1004.0849919006171,8.712383706150073,6
11.576413378556897,12.119800401145081,39.99057313670455,1023.6014867421434,3.6789425240930846,21
33.977532344465814,33.36988793731958,68.77568597750388,1002.164299303962,7.912553497757269,13
27.146941171204187,28.863571852117058,80.69421276652632,1004.5905661161228,17.11122621157993,9
20.048207652262928,22.685298467945223,87.68058852053755,1010.7240504101491,14.600966445665545,10
11.62362819276043,10.492763443859104,45.11197573800221,999.3645586837665,7.852261380839451,1
29.615388630553895,27.68197279764168,24.230558145839485,988.1423287639548,21.724985198795068,5
17.54297676852979,17.061810659250092,54.33180859638493,1023.6999005806541,21.80276021982568,6
21.42513379621284,20.965385479739762,22.62700602722622,993.6935909852685,0.23765506045264062,8
15.339006921864378,14.895827103356751,71.51674923606247,1004.3973954628533,16.71312846115284,8
34.362890876436,33.31882347650783,28.097265655368158,995.387475830391,14.923784906545395,0
14.057254882020212,14.055835144561984,39.78671523788113,1010.6695214031803,19.253988077153814,5
10.670975387865468,12.664956328344296,87.22567422354912,1023.9348791913038,22.310654438400984,18
9.832106824842777,10.283841119185476,45.667521579208696,992.5894226673443,21.660378238120607,16
27.264131643302065,27.8679708375509,80.35070708051852,981.5767314065612,21.069135903757527,4
34.18947661370098,33.749029598755634,44.95912448238221,1020.9582250048115,1.7454075371390487,21
11.566276804060227,12.215010741990431,72.69089964781833,1029.6686394080086,23.95714070361184,15
33.5893694820418,34.273506240115466,58.86843258255581,1018.7986954374944,9.538471061838663,15
14.17302504596686,14.676093713938084,65.21495251161275,992.1650963991484,22.593123009345188,13
33.25970522087864,32.21009180771703,66.60490810282097,1012.2958263202758,6.971771224780577,7
16.947920744465954,18.05197913957946,77.36469797702367,1024.7151446659325,10.730269488542493,21
18.82822341049576,20.76323346155519,76.71813913621008,1013.1729161508047,21.96553992018931,15
31.285181888365106,28.391577855979747,20.496757274642103,1014.7177944497636,24.305534274175137,7
28.98950035234493,30.27809424833677,41.18482384457702,988.7807767165583,3.165528042269325,22
32.09309154515519,31.878340465528805,45.74930267999607,1001.9015891567235,8.43872032750813,10
21.661065954729235,19.73076179229471,37.27231944671666,1027.996406029175,0.24327400388807485,15
31.219575227446573,32.70571221750807,85.86760514899557,1022.8187049107402,19.202247630478507,23
30.61393477017425,31.43826519379809,64.38385392076883,1002.936441210012,9.863819459841134,16
16.555532256214356,15.467890324948183,30.943200687498702,1022.6364982639274,16.193894032150105,12
13.02349031807084,14.001790873864325,86.02370947854155,1015.9118997490642,13.485454818836676,3
28.66754771913085,30.1708684816816,80.44021044525691,1024.6618073604973,22.445776990035487,17
20.977448359451458,22.78188655501878,80.2779464042998,983.7086315142461,6.644341420435884,0
25.016644619204143,23.926012831875877,46.14964002273564,1013.6112690273587,7.438238834887223,14
19.832436161589523,18.86665512462707,34.99902665171817,983.6136006127618,4.015350661730094,14
20.829354972040164,20.365603093175594,36.55324385670862,1022.765723218147,14.730022669096327,22
13.565214879528254,15.716070137586568,80.7599714326563,1016.897656012647,1.2133362682417244,10
28.270997320650473,27.831119680574876,23.69207665135522,988.0708493843787,15.986710987302594,18
22.593979535645556,20.080265829595568,26.976474545374312,1014.1418633014449,2.327399963575427,4
33.23491163529773,31.048339169795216,22.716906346826146,993.7520129470366,16.404045161121932,9
28.88350886247384,26.66501197616548,27.237645564102905,994.889353661465,1.6098236616559096,20
26.58965761314927,25.63325424886135,43.155509399935895,1028.6078254767374,5.3855475901820355,2
10.544207869789282,10.000290868884154,38.83838268466072,981.9486181984212,22.580166697894736,10
35.781820839933935,34.94552139204946,38.16144197476534,989.4508533667278,12.718507235753549,8
9.608427449654242,12.022982076281304,64.36482993231013,995.4784676119116,15.453807256488933,14
30.189788479342134,31.752471847523246,77.0237539218142,1000.316151592279,14.173761890970255,13
9.728605830462605,12.958404773084682,57.19379672656264,1028.3906068495762,15.196991096838868,17
29.251672262560124,26.92053247143489,25.92541275092403,989.5943774859047,16.079036279083542,5
29.233864104957785,28.811708439662358,43.82693863742844,989.4673861814929,22.456826627753173,2
9.95429958203266,10.607899160786346,66.2939875261307,996.6336493265162,14.441449901650175,10
12.241779882287656,12.54732752182342,33.373630809607796,982.726127943914,23.771025855727785,19
12.410708766356978,10.793594134324715,36.210809390229954,991.8657080447376,19.349019995580257,12
16.23891539090175,15.504580048745284,25.42385385888379,1013.9439116195298,1.423821682392029,23
28.95609238406906,29.366338279529547,75.97843034019539,985.7393139330306,24.181365563123798,11
11.982028900654347,11.007137969449962,45.892203795368744,982.4420811660372,24.641650575612676,1
24.172943715529353,23.394367101868962,52.79898962137943,999.5833271439404,12.329887994698229,6
31.282222432002456,32.02432514099144,52.805614589746966,993.2767802806881,12.708677400340912,14
25.18613399959277,26.218677847375453,58.843688367778626,982.8014566624457,13.82908199178475,12
13.235239580762485,12.998823543274245,31.07685192706839,1023.9636320591454,10.390036671616695,23
18.19929867312946,19.32806546055959,50.90831022158813,988.5985200921772,1.5608571007002692,19
20.302176859224947,19.818268581785404,24.61245155223809,989.2950855778133,11.228264147337274,13
13.273420854297388,12.344413156425412,40.24352063761088,1013.0720419225387,7.367249635984377,12
21.079875599207046,20.45361970406999,41.93585845012505,1023.0816303122774,11.18751744043628,10
30.286193817520818,29.109316555543398,23.64506843548888,1027.0431773947348,17.167916490121215,5
35.93846941095659,34.988942581260964,34.96156815873375,1014.0898405642193,17.290737264969973,16
15.62649421656189,15.03820945015782,56.17152314580451,980.9649566113493,7.938953490492118,21
25.74238327389391,25.97799844538751,38.780104029944084,980.3879824168712,11.098341242577813,19
31.496174577246926,29.94330658370535,27.426443496356644,986.6779132931741,10.097177933090117,0
30.54807412727087,30.574595126044187,62.6000115221782,989.1238165549614,10.798335584086916,6
29.55504241247333,30.6353916030987,61.2810325253526,1007.4359802791524,9.386278001430313,19
19.327553285171042,20.06848711867077,67.85896820072345,1028.45064817515,8.40851596301917,18
15.220624653869054,14.221461584259876,34.04314597872569,1007.3139552395141,3.6541338452959318,11
32.51008283033446,33.15485171079455,44.80967943911703,987.3424084536713,20.433658084569736,16
30.611564149663458,31.722624611967955,50.12402215823507,981.2485450217066,0.5410448652058919,22
17.311245425846213,18.64168208309658,88.07977649548158,992.7010574547782,16.5096610067836,4
22.17764702656979,22.379422752781753,61.42018782246803,987.0385228885607,0.5048730771083226,8
26.854474210547675,27.60199420248059,43.86733815500919,985.8930054339885,13.180618790009897,17
21.24740855129093,23.391414983689465,61.22552157937835,1010.0654181907352,19.555725011803084,21
29.06444500325148,27.553652404545737,43.306517287366134,1016.2879437726638,7.262581179965477,8
17.50207172689149,19.25396750638611,83.69511107118029,995.9087604754352,23.86543428760135,15
10.569041178004545,10.766312555145152,40.03959034783586,1000.1761383253614,9.587547027897678,16
10.863931740381986,11.249475716491968,51.885118665345416,1014.0030514153418,1.9495708247495829,2
17.793844222800335,18.8447289684109,85.52879000780942,1026.7581005373388,18.890192837544955,8
23.902667466348973,24.199357432902012,53.36343194173783,1020.4256636630205,24.44999483903225,21
25.032204422193693,26.815052955628158,70.59874427301486,991.1948616652843,3.9208424974090743,20
34.42569962391013,34.75134625260658,77.8525226644528,1014.0054849216639,20.806572149253718,0
10.779201863449693,13.356871272556889,66.15962727949415,1018.0837452697092,4.266089718802632,4
29.366597437461397,29.120245022574885,25.091538324403754,1012.6744466029123,12.285343865572043,17
13.794912959638022,11.557294953251567,26.27565618649753,1000.524655727067,20.3605891769788,11
12.402208611217265,11.505673622507436,21.047283877941048,1011.4783697584386,12.431357898711786,20
20.790200027454038,22.459194318486993,75.74735058337963,1005.334560050315,20.063707584864492,13
9.407692275114243,11.079343394925292,47.498735353698166,984.0639552420444,20.328780024687767,1
24.715441348557007,24.43197573082828,25.080235863129754,1012.779697562242,11.99814222510985,15
11.086654145017965,10.840340004582066,37.53380627248344,1027.9917190699439,23.206133660951892,5
21.587487378584484,22.29039687792081,76.74784992363143,986.3272229356704,17.647666733166457,3
26.192611786089774,27.96134868306375,75.45329567926716,1003.2067593599367,17.715088108516717,0
16.69407122559928,18.084289052888018,61.74755197847231,1021.8236595832985,18.063852415403904,19
22.185352979732325,20.479571897553033,27.875289326666405,983.3311043683731,22.7374760735179,5
21.389855251930403,21.016622085607338,49.88337244454125,989.6371753606185,17.960156942458998,4
25.769523805152872,25.734965953381565,76.81389101113975,992.5756519838201,15.15083631300946,12
30.45276541519765,31.2010522400371,79.97109625541282,989.784926965152,17.856586570546217,11
29.43722913528236,30.359669481719035,76.67719806616513,987.6203460018941,7.159914460689462,18
14.02949537879611,15.262673491633574,61.00964857032178,1003.4507215276394,19.497894477635246,22
28.676687051441196,28.795628648917027,50.64440903226983,1014.9621367622736,10.138130536448589,15
20.787789896985636,20.568215922348305,69.526597328463,988.853546095797,21.231465662491164,5
12.128355092781732,12.08812286700047,37.65273872734886,983.8743645067875,9.739881210965704,2
26.380132401951624,28.43392693469499,88.2561018795377,992.849296892689,13.184332249271028,1
18.88992028583984,18.885983434101544,34.48904121000837,1023.1125814151244,8.522143111729614,18
16.613064327781778,18.681925975762688,62.28034984176501,1020.8430240270511,2.471778876341274,17
14.90534548890724,15.1170027264321,47.093500835442086,1013.3152661564146,6.554288793540386,17
23.34628215819168,24.440793858610565,69.65200063624384,992.7126201307271,2.136650574128687,22
31.969420004300144,32.15215272033791,27.264229604431847,1027.2133079827775,0.23055683968067342,17
34.4730638268066,34.03541549105124,24.81256664620741,1018.2521594985245,13.431306800083467,23
21.085714664189325,19.802339422614317,30.068412969321763,995.761931420051,19.945358063826497,3
27.768173541684853,31.503059929730114,84.98607863865543,984.498363943048,18.366362446326598,15
12.43460255508801,12.64764511009394,60.96363497749977,1012.6780362772596,9.51111129414903,6
22.282025174915418,22.84269638038262,71.52121578557352,1025.1110143270187,10.873397509085226,11
14.816013575547965,14.713515143731279,57.261305469371635,1025.3371186286276,13.675978590516399,20
31.335227090824866,31.227450498966903,35.742074615787224,1014.8749518018548,6.065175423836306,5
13.272605929095807,11.132600244301113,38.03423991344704,1026.371141824138,14.105449425834138,18
29.025569104960073,28.287158992577897,51.00398686293745,1003.3095115077767,10.213072394096564,23
26.41475589355993,27.258071172518225,71.9122113816046,1024.4367894693312,20.236101096965864,14
12.245222467171228,11.255650286599344,27.93709668868008,1013.9091292294534,13.837248262510847,8
25.37573389149791,24.37651433647037,55.714904153468545,1016.693199199699,18.801108422065678,11
13.892091455190222,13.708580024052221,38.35920252704894,1006.5044248457212,17.86805504523566,16
15.239843156182447,17.09439764496811,67.33370224495775,1001.6058587807947,9.882312448766791,18
13.283875693240379,13.9488705708837,87.13169231810761,1028.9725381556411,15.817757749154818,3
24.654618274400363,22.791936052891653,33.06130678112173,990.9941494853674,24.44038418809383,11
27.657167875246373,29.278070396297164,76.11498128819571,988.3683765363326,23.532248759856923,9
17.9545090923651,19.663512670575695,59.86376716956143,986.7119209546872,1.3596741500393084,17
17.434556887589213,17.382536939295818,39.41987143606854,997.328899393789,3.1779822964262125,12
17.69295214867417,16.495703448507488,25.197280153138202,990.4371266714195,7.203923736543621,6
11.470650132105227,11.256075245574554,22.492850519098905,1010.4452430515018,10.035954049971624,23
13.278020458973806,11.717841943099025,43.64235977143931,1026.3632816315705,18.18383792689899,12
35.77528920861947,34.42517386097359,25.81271304671305,988.2057219797895,0.8875842179658089,6
29.996057782544757,30.13575107614948,59.95971178810189,1002.3417115259964,24.867253249113126,23
29.523164225263464,30.687973052657576,58.00146926525636,1020.3357384022364,6.013721205364675,16
12.193215306225843,11.2053009715139,23.875187185688667,981.6059878033907,1.7113292356510685,5
16.882743802655707,17.22212347272914,81.35923435521023,1000.8761403053766,11.79107742754309,6
31.515204803731205,31.78651475469294,64.15392941208344,988.5846996564245,20.679667856133044,3
10.22143912997248,13.034660453985161,56.422653833397,1012.8361353228365,13.186026138944463,22
23.628242022919135,25.08621483453445,87.6215021391146,1007.3012296660376,2.426353274584442,15
11.53531467258947,11.792797221191275,68.34307186706454,1006.4029210946062,18.83443863115921,3
13.062206964898607,15.327617600627082,58.78694962770783,985.5293171981978,17.987236256485218,21
30.62774290914612,32.003918448037126,63.50250958597492,1010.1645755306008,11.202277819897995,20
25.161675548158204,25.784383151206274,60.34838860175434,1014.9689432866611,23.09887274562325,1
30.78334998766773,28.951010525280413,23.59340599265743,1022.6177730193742,11.370744310966243,15
28.16002836094921,27.00351929400751,24.403523321261677,1000.7830500750224,7.437837627844446,20
26.68711589184909,27.868831911098646,50.73204707863135,1006.5572316282332,24.556485196767568,4
15.136913162990869,14.89957156047863,39.3727892365916,1018.7595384646953,16.767988142676202,19
17.889913525171966,17.398300735915402,29.479319487247963,1019.1492324788014,11.490291794340099,5
16.455868455524786,18.637021343086143,48.287689342007,1018.8906071721958,21.851147858529103,16
33.992967943524725,33.524808064360926,37.74507112740412,1029.9134488102034,13.415522571373964,14
31.165433206818015,32.16510538101167,59.42150719177684,1015.4289562532499,22.924584929535065,16
22.704388604985578,21.50895678004816,29.175590319329217,1020.2842394438446,2.579995297645901,1
21.97640355263247,22.637719009746597,48.923613516195836,990.8221541705835,12.255071355140707,20
31.521850162723037,31.749228991192123,54.801709650237996,997.4723820391814,0.5462844301944686,15
20.68644455497142,20.07183206581593,55.02136094481603,999.2866163949917,18.23759566073459,14
30.630183248748672,30.61858093367519,48.16062746534231,1025.7439190308685,7.8946345859969735,23
14.398519216313673,13.905037698264982,51.79895070522977,1008.7184862119507,8.194651729043919,15
15.784732892383575,15.111209311606826,51.423820581495306,1028.6024482387857,15.593049231979586,9
32.23343486911275,30.246861146365873,27.243254455260924,1006.9039771437027,1.10738577492481,0
15.405967274424103,14.06652037763713,49.257868051056896,1024.6603294275421,10.412260309226747,11
22.50413121260318,22.817212775412713,59.461597101177965,996.615495536998,9.823432625695167,5
15.417956792842324,16.849702486749294,76.77107624524486,996.9292985970786,22.2137845675842,0
19.53607983318797,21.132631375066637,71.89160958455335,1017.2151858668683,3.8668825781978167,19
16.02889390286669,14.886450009209998,62.448684372066026,1010.2501530669017,9.07071811817184,6
9.295619203567476,10.13805292809006,53.951259126682885,1011.7796741004094,15.360532455575736,8
27.24247906175875,25.489733436496017,34.7193324531303,984.9218774500496,18.35808520546312,0
14.057155553062131,14.011565356780661,40.891546280343235,1022.0845884048501,2.0586623936446586,1
13.672942064276409,13.751216617349606,75.4988031691469,1001.5858442513305,20.089190035007753,7
19.394782891057492,22.56800975231198,89.41370400728597,1006.3321131762599,16.668901532684433,13
21.04587829268756,20.135570628478874,65.39739113233396,1023.8970781999803,24.511540877745766,22
24.898394733928995,26.469584167767934,87.36366402368448,1027.4328078853282,5.551629363534799,0
28.78292260340558,28.46493645330827,80.96773199037798,996.0627586706956,12.861160703382742,8
9.205670492744312,11.683765036719292,68.82021320660347,1010.3811787941969,13.985052897456022,23
15.95864256316127,17.801601116300517,68.67479755123087,1018.9601568382554,2.504275180035831,17
11.970683643501001,11.358300870572595,32.367761992341364,1003.7946255414745,16.454935205334166,11
22.20922397108107,23.771434265228482,75.07061103134785,1016.1230655169477,13.203501431843842,3
31.635163111964822,29.414921319793542,26.63944352772093,1023.7125938342168,15.109036874030119,23
30.13411022742136,31.15310526325579,76.96803921149902,1018.9446322551286,22.40911405202742,4
16.72837855256727,16.798863984954966,37.12313918365862,981.4400685284667,6.007643737898477,4
15.184563228431989,15.29089746424653,65.78161543611323,1025.6447990153117,24.410390606845713,17
32.81078040063943,33.75593384552006,53.97034438432007,992.8588568012213,18.627004279055452,13
14.579811905125089,16.084917080463264,88.28691303146313,1010.3678191738871,13.112973566395238,4
21.077109625600613,18.433638669227317,26.556021682523216,1006.0635403445934,14.779619677901831,22
27.850978217986288,26.04928751108165,38.94785230112118,1025.871292640225,21.263052740124362,6
14.18545164428131,12.67001760005909,37.699848513379116,1002.780126875083,2.8928324892242396,16
12.652592869187004,11.048780585790906,33.806986631691174,996.9857271918042,14.683865778449734,15
20.513992106708848,19.735123474471884,24.96413340069987,1007.4637504064124,9.29744976437353,8
26.573595745574597,29.24366557142718,77.10745957177066,1022.738917314779,23.720020741940886,16
15.96038670217757,16.41157652541915,29.53753955643845,998.7426136398402,4.0089776400975055,8
11.33124462575005,12.120942852129797,52.223033544993555,1014.6870649349164,21.557630914416766,21
9.545426436557255,11.281586479399955,67.08995280503053,987.4988512075772,23.82011463909852,13
12.698538235455613,11.44606691408491,44.67704689103621,993.6273823946515,16.13671063795419,4
11.523881619188712,10.86681760565166,40.06624069009161,1021.5542203678298,18.883550385853347,2
11.442192342030275,11.889590346351675,53.645361981868625,1021.0426652347331,10.337921359464971,14
23.015779549659758,22.46105497322643,60.652919933896136,1013.9696744056213,3.5823997857733603,5
30.261420602399266,30.149813744378953,59.139565952407786,1005.4605792623021,24.796863617057774,15
10.068411106330732,10.247767387278842,36.99004907590082,1005.8327200364301,5.30108405482399,11
17.94966868587848,17.661586701070508,31.93712725756427,983.1937891930944,19.505087421419038,12
30.803275807315348,32.91051361330165,70.74095975059163,1013.4971306681883,8.754038299200817,17
30.532150783626527,30.435196182652735,49.313129333785845,984.0434872916053,8.22151581326693,4
26.185408236460354,27.83373964711381,72.96525845466792,1007.7541300718825,10.708757095328766,14
11.090645021013282,12.005843641541055,64.8313091795277,990.2296807145888,4.944190690437961,10
26.01084331621337,25.41625786301845,26.02950400843254,1022.6107103361489,1.1480014022815759,1
20.309497911561703,21.36352661919433,51.24284519905929,1018.4742693657794,15.351624618184958,3
32.82431283073624,34.694638005372184,66.84079088743955,1011.9776913188656,9.358426574004906,15
21.483928766557646,24.941707067567577,78.32898974250935,1027.5275185971877,1.5930831672179568,0
20.14989431186864,22.514482935770783,81.05431702992264,993.8334971089541,16.855254009691194,3
12.133801200033293,11.68756366709555,44.2528500955067,1011.7219970584176,18.42564764475885,5
11.51972488140322,12.664825757699768,86.41533483843428,1011.3569197030558,4.240602325789311,12
11.985034854995511,13.009689469727226,88.60363600835393,1009.5724965721513,15.421246281898055,6
17.694568071530526,15.512606585891177,32.59997316274808,994.9098649075464,15.600710929320345,10
17.534557146405053,18.945352102838722,84.16501718857413,999.3922549842923,1.6789445595705332,4
33.38326790309582,33.457893216282905,38.07850505210145,980.5813300642683,20.769021670330666,14
13.66346688454846,14.621361388138176,56.35188848496122,1029.2603662955546,12.391533600877208,8
30.10022878856698,30.075297038158013,35.50507355976969,992.2614979115839,18.302995010265754,12
21.181161440459075,21.848030502902567,87.76507520367748,1008.2721749782671,12.628947965704167,13
25.782501068488966,24.121028331565412,21.39810528046197,1020.7033452975634,0.5998986450018257,3
12.56119687560579,11.052329740909046,31.82015025569247,998.4131394935956,24.117138911171043,3
29.090475950394474,28.271686880091107,30.070757644033083,992.116286512316,18.455420003407998,6
9.00437286150161,11.97348507366389,68.40538820695161,1019.3528326995183,0.4109014483081791,18
26.526830094398797,27.59642729085828,62.225549496057454,981.4428956668062,12.421934792169889,17
16.75472401791606,15.937082629234599,34.69052740953848,1016.9195818468029,10.850000414886928,6
24.608731882379914,25.014858334015432,60.05986701794008,1022.9178027579549,18.86348831738469,20
24.00917681122695,23.845056017809405,37.583440322312704,1027.5142025085242,14.130659529270767,1
31.57872853706038,32.50207957541202,45.739595568928024,1021.611289025219,0.5640412689331908,14
14.990221024683114,14.187277227352693,57.61918570198649,1007.9138262201958,7.835264655490623,9
14.336311337734358,14.748403411439023,71.577178228079,984.8833159063062,18.330489239535254,8
16.184929213790937,16.30432193738825,51.02774090324735,982.1174873738207,19.08233881397369,6
22.84860097758582,21.605962993480624,55.59772240483955,1005.6361600536776,7.18449788138921,4
17.283575140699583,20.459738334458336,88.51992106247643,1025.740798788249,3.806503252796917,9
18.685093355605872,18.763013357154044,34.07955798132641,1011.6894209772502,16.364412854353464,18
23.068454858772423,21.104585171959165,27.453723429929447,989.9276201768546,3.954247260235652,14
25.069919643478904,26.99082955987859,49.10502434484281,1014.5276320199822,23.2312228810784,16
12.602034460419496,11.171297713190079,33.153251215889156,1010.1822262252994,1.871070536785127,7
18.16828175861315,18.129751605617372,63.99527300584975,1004.0717672978802,5.138461767387162,6
19.377649193517907,17.582147271232074,22.931627568714287,1011.2279317958697,22.653439689180857,4
24.627342679189148,27.669430422136145,79.98650909085717,1007.274407402848,23.774204661309984,13
32.75915177008387,31.788420153809408,30.909607558601042,993.2590437565161,13.433910119322176,5
24.168187176335064,24.633859109918802,55.84620036890647,1005.2991664578532,12.405879346748778,14
13.862612721398328,15.226484342671151,81.49715244450091,1009.9495045315513,16.933039699036858,4
10.732490820509634,11.781418194131465,26.86311766776579,986.629109009059,1.1393130403455076,6
25.972709384161135,26.689834639089618,84.72610267075727,989.1331524428507,4.480246239025643,8
14.377832281074829,15.400786009826804,59.58194562518757,1018.805829920675,2.1579568371541127,23
30.244927571597092,30.209933702911528,46.581618337515415,997.2393464327268,20.182857519226307,1
28.804903492439742,30.22559100729191,67.19344816305005,1023.6909888140026,24.078942506402555,21
28.235593508483582,26.714316168072852,38.74420202228823,1020.6016646512996,16.477838040538686,21
25.89843941677936,26.97906420798907,55.51758656914724,1000.256303666843,0.4645083513774795,19
11.357079402505946,13.553428094836441,81.27542679305324,1003.1914865908316,15.955806159005059,16
17.809088214697855,17.000933238762236,37.69361019658149,1024.911175941608,12.8625541214273,17
20.332742039114045,20.846098071381107,28.902683245182086,1009.6222720395207,8.451060399925995,15
9.51520902636715,12.196662478620834,80.74062069635647,1027.3642161544883,24.81967545658966,6
24.334789916524265,25.64649789285591,68.50362377173374,1004.379921902478,15.554941157003327,11
26.809390360870506,28.287412258509057,63.83814922636987,1010.3985583799081,17.472564297353575,12
24.303231046027534,24.878291872642038,81.67736038495961,1016.7032017511553,7.197223234496061,0
25.052463792781097,28.003936523273506,78.29453497163063,1016.0738541367009,8.783975358294521,21
10.1297018379859,11.006450075230802,71.5395929148395,1026.5355611166272,5.297163486248937,18
34.60532059735533,34.39025502149787,36.32312880951314,991.8399017298059,15.657527369346646,3
25.502627040423747,23.676133640389445,28.319680493336605,1015.0799674949799,7.96759747570544,0
21.38534654344121,21.093755482614277,22.274061768311547,1002.195834902327,17.314434484922643,19
27.863795376817436,27.41074517590268,48.82233673131702,1015.1017834241071,2.422710866945277,6
30.178341199233213,31.949358011126737,76.53916583308398,987.2237848297302,7.769042384310534,14
33.442232990447124,33.3138719604828,55.21478258424197,1028.1487971182244,1.0041953487645305,21
25.49410148860136,23.531664466902757,42.31721260111033,981.5393284430373,3.936323929746166,6
35.69814049473932,34.529445919057366,36.35063039556514,1013.7013089563067,7.96407745314974,23
18.39179442618101,19.966575694307828,67.39264704174072,1018.6076252403732,19.551613039310777,9
31.9880324598526,33.16159494890462,65.14344267054419,983.9881712725536,10.73237294652533,12
11.638137928308762,12.36107401889821,50.22649665754441,1005.1614172693058,16.983969748041165,20
24.24916782113844,24.281511748427434,49.26921198555359,1007.8672532358233,23.073194129349208,19
32.82497020186354,32.154894511626864,46.55559187429306,1023.702828156949,11.26558536425313,7
22.067237491961844,20.543023171836385,52.074336367655114,1026.1046326786166,14.588238721647832,2
20.41143774690745,23.25755333122896,76.77731964137227,994.5240802804472,1.9787155237431908,23
25.482191315596967,24.58479486915301,38.874100613702794,990.9995563448465,6.263651473278206,23
33.23020631228393,34.08056348601528,45.17728928561474,1006.2018834933793,20.911147406490322,16
32.62127989174314,34.06118237355278,60.29656770981938,981.592838126413,17.76668114857088,19
19.182621727045476,21.550145091103317,89.95452103305401,1015.8063820238368,8.538702923079407,7
15.250392203388543,16.99834742364857,89.91550550709582,981.4315596917827,22.31278547735379,6
35.02807036071931,34.239615694113965,33.82891339749348,1020.4956560153046,21.758225863852356,18
17.204406461979566,18.72170666357488,67.37740305410328,1028.625724107987,0.0077432978751484915,12
26.388641369674783,27.25117221023624,40.71484442862018,1026.0267615619814,21.270316661753057,18
20.4496001786384,19.811454655737002,59.78234057545479,1022.7000411748185,21.519872246504256,6
15.28149315242946,16.48337243292736,59.01973212690994,1005.3931018807997,3.490959980747807,23
22.979210500366186,22.794511414237018,74.41115037007428,991.9588397428688,7.312692375726587,7
13.683927775568922,14.427056384932246,56.222270656900385,989.8644154358534,17.034139389513992,9
28.463251023930773,28.630368567270864,54.842959452482745,1026.7987042355362,24.947446318855423,6
18.37583927957465,18.35124914171923,74.05681931252936,1011.9369628144619,21.90349461710018,3
13.189003617737981,13.415022591279316,64.99614351134578,1021.7962036513907,12.654252141380063,12
18.83985323845252,19.73004196835408,87.66355546272753,993.4635212152604,18.34702433184355,9
18.455749530134664,19.312723288836647,80.60090659747556,1027.3613513673356,0.2551046821311298,23
31.289390380816435,30.164028696536242,31.004271848986797,982.6174383404801,24.363313841559364,3
20.3436504172007,21.599542454172184,71.25665398646012,984.2379736637661,23.37241121293935,4
28.27069265826958,28.05667329639148,70.30894861809571,1022.7742977347979,0.9337908703953207,4
13.374296860888586,13.513824189459019,51.268210522126545,1024.0053333603203,8.727424662352051,1
23.281006204084427,22.19069524168027,23.267937392949165,985.0444401052929,17.84856778018444,17
11.514277676095183,13.894331514504254,89.68615140132273,1001.385058540962,24.284906674737456,15
16.918307387327093,19.363822175503035,65.49047451918025,1014.1371919813521,18.840547014608976,16
29.851018472099096,28.93207445688752,52.365301307341745,987.5366203648235,16.978885068490754,6
10.26798645233979,10.85971302788046,33.44163583954412,991.2448402865203,3.9649501459510574,7
23.607604973321187,22.022253665075226,34.03283334364513,997.623772079785,5.849911969765695,8
29.041978178011977,29.684298953731822,66.30670269023224,1016.1363639022313,4.257389606300843,19
23.21473069482727,25.935747537455164,82.53131456516859,1029.8957567206144,9.546440630545813,18
25.954036559788396,25.642047806533814,68.8750817446131,991.5575683781339,14.74382136330264,14
22.691448569110335,20.279937222063644,27.26875702776493,1013.9213333504368,9.105697028655277,11
11.477972904471244,12.544561815510093,63.27995147096039,1009.4471824253675,17.372177145182004,10
11.467787151088425,12.67451597067396,31.95695944143475,1028.848552731313,11.267949638303683,14
18.60447826089299,19.194649693903823,72.45207485997041,994.7174083257689,17.061260504760003,5
14.215095438153696,13.686313167657099,36.00695259692223,993.6223220554416,23.485790677494915,12
28.661626391063386,29.11319486636794,78.30255164210607,980.8269724644938,6.850617350962146,2
19.452206302009206,20.103508041275823,87.82610780220038,1001.6538051293396,9.44970290524904,8
30.857677660993303,33.032687805324386,85.2493740778798,984.6862433029859,18.739657251920388,5
15.237068945179049,15.734144425941809,51.66264343440072,1000.567312444075,1.7741158321383872,9
25.093215346818962,23.993892090959566,66.99130964949958,993.7086928755733,15.404477040175193,8
30.238218514690605,31.551066274732836,81.23362437877954,987.4692273385614,17.567475820430797,3
23.271861426871858,25.078802736659703,86.30070552044484,1006.1836199999493,19.78353810049091,9
30.132270291341058,30.8956481977629,48.01086910057793,1019.1811371221714,19.222830252281543,16
12.8742419769989,15.007050446690647,67.70224287620199,1012.6899754666808,9.172391546634376,15
23.353393617676232,22.189279841834608,34.57622660257501,1028.9624139350992,17.87911836346094,15
30.7369281002099,30.70623131093046,63.24692362125005,992.5832217522735,3.6825336427973254,14
24.770094956099754,24.5928396932841,50.88607683642017,1002.3689911319034,5.975898578745154,1
11.07255742203543,13.025625012129826,65.79650459617226,1019.6614839136661,4.996507431854972,16
26.70591580518171,25.745516360867693,41.76811149681233,990.2312736279509,23.512193424231246,11
27.988696509311506,28.15228334306654,50.29879447400206,992.9292110776387,16.345959745415655,15
35.168560313607735,34.24780115268176,38.820308148530465,994.8127876658392,9.87134186009196,6
25.975134888383824,25.487258650240364,46.02857491964936,982.6670081502592,8.452894291489068,22
19.913547670800597,19.245331399679415,25.127192287517307,994.2549749691497,14.19726370763513,0
21.16210164235858,21.90839333252747,58.051690243790446,1001.7505963718737,14.464385284580594,10
14.09340449825671,17.361643988547943,88.92031274632792,985.3194202707039,6.570575655309718,17
28.792522426969345,27.05479223137747,27.976168861118047,1023.7593606729364,22.583027631731362,6
30.91748348250055,30.86429475639069,72.75662965367069,1017.4055120579968,19.97126150501586,6
28.909854895726816,30.17413727209984,37.42604673578109,988.9266452269858,7.14146673957207,15
14.003290132442709,14.382573558941491,77.28524489766517,985.777834941817,12.082955538806333,12
12.128665771950526,12.966094143539507,60.89573521822027,1021.5767486223438,9.937893788530888,20
10.090113436015283,10.115800575115072,51.21206339018655,982.7608813375202,21.699848333402763,13
9.619944449759391,10.282563414725562,58.97685001985181,1018.4615601770719,10.298065697354067,7
19.988683155584138,22.16672353561757,84.45395947452528,1019.9632982979984,12.881384102814422,23
12.473080456077586,13.329553141688086,49.93842516234228,1002.2647386187605,22.863956942203952,15
12.791290910794466,11.676911934710686,31.37577457082194,1005.0484650929434,4.421580302347891,0
14.356768316074966,14.628323220965491,65.37798678544755,1006.6515280744128,0.11004022509465694,3
14.331451723518695,14.693060142306301,35.87859716278466,1028.4962786782971,14.724314721908554,23
19.658524247375013,20.798625466052894,59.18212629335725,985.0403598569543,4.818800260317807,13
13.279957053204193,13.810400333260436,61.11589080029039,1011.1812973648632,1.9025263958340588,16
32.48725193551503,33.264880366097906,72.11095174862876,1021.6528470632106,22.520924507058087,10
14.573758283159357,14.703028993094033,39.22661088515338,986.886415075857,10.185891319153594,1
17.12588192746755,19.275969074615066,88.60038242377719,987.2449329653673,0.40091000076614425,15
13.063986385037705,12.309013202784463,35.032115168585015,1020.382980078739,2.3526992184389863,13
12.981252777698254,13.996994084161035,75.41480505281442,986.5925994821698,16.810860049058576,2
19.475607463934494,19.18476821742676,36.31372315894011,1004.4636112948804,19.35555477890033,20
24.953338878742247,24.31518082205056,37.3552714864065,980.4050470823661,24.767389147479513,0
15.603138491317434,16.999477341507106,83.82495786672399,983.5603358770617,2.9476577955071055,18
31.784509347238597,34.20190953626834,72.03330394959596,995.9066265666745,21.5491689039277,19
14.459772022757114,15.842802047760825,85.55991526495875,981.6696602432929,5.029603554166292,10
16.144124809251597,15.46784722266348,43.054746697496824,989.3455982395288,23.096165604817397,10
33.448597992868365,34.972315300832264,60.83330369919622,998.2703065450778,24.652462837004975,23
23.908423495911546,22.235624091078513,37.723923490896716,997.8491846070057,9.498903128685212,4
35.04698687836361,34.70089915388979,32.30006720857781,1028.553622931391,2.7608592827179117,3
26.339796697893835,25.19341987197148,43.7113069042102,982.0006565267562,17.253283698422305,19
31.163615908040406,29.742462678561978,48.608969358965375,985.7319971792854,0.16220209451316137,19
21.618739123151965,20.074504469129035,37.72408143589837,1010.8442035983197,8.54040156168337,8
16.655055013614003,17.054676867330002,63.50551177966589,995.8472644317793,3.4188755903346886,23
10.79151594340641,12.002871159616879,45.32378183457961,985.4080176117591,15.717108335615121,20
18.393207614625304,19.79648432970065,62.95955786806231,981.828490618148,19.146649673470204,18
22.79602725124062,22.411528808882494,52.949416312115616,988.7612146183058,7.032761761768564,8
24.489980876710383,24.922767263666405,70.30226184831369,1005.9871243218633,3.546245547981053,8
17.69172470424232,19.962618359934336,87.25224119399488,1025.253906389724,17.995757793748844,16
24.55926342247137,23.83679440524625,62.992860678917744,980.6802197725334,16.14234670959795,21
26.773333650696063,27.210059910693403,59.68009033058663,981.8891484032298,24.500010389983284,5
20.56595634430496,20.007820904324852,43.389548831332135,1000.8315925059705,24.97065148785621,20
17.12572506575017,18.687969882843866,73.75026461880987,993.5730331510496,6.408543208681447,16
25.405050287581595,24.923630585329313,67.02213883342384,990.4333812255796,9.03888739675654,10
27.158090135969143,29.004023244753977,70.7437190285259,1012.598685696148,1.6247565084692106,11
33.689044594868506,33.939525377095435,51.03242245408891,997.8044836877374,14.347936098989472,20
19.92230468690018,19.822377722329474,56.36512983354868,1008.8699633566546,3.5261658395931788,9
27.829724957722103,26.95040381397659,27.58802609016359,990.8094286935237,22.352689959948687,23
25.152448056895516,23.349186813694093,33.79742271765565,987.264585598289,20.133941754044393,2
30.845930121155668,28.74129579357312,34.6514253083946,1004.4030078134831,15.793404420585272,5
19.3663277732796,18.129583050668675,55.343801587509745,1010.6155644420198,2.503582193458778,4
13.791422752172146,16.087057414407482,88.6532822072196,1015.4661926387984,17.992239901133864,12
18.367202331122595,19.41158417195124,76.55701296763132,1011.0139408550422,1.4236987174612055,9
20.100831862389573,19.77703841629402,57.10366374486666,1017.7747328507107,14.99669932887618,10
27.680527196185125,26.161468540948263,35.62787807485527,983.6155287386396,8.5722332399014,11
27.437086891247215,27.528489860436842,67.81487026330869,991.3595626591108,20.63592289012496,12
26.987263894028523,27.63937931289221,51.8469815809416,1023.7488529312059,5.197146797984386,3
12.510264461458485,10.173803263279767,44.02928423451138,1010.0369887225197,21.45034143920817,1
27.370926370553658,28.327825560382024,51.88259004044532,992.2047286246301,0.4208329965140367,9
29.023049343161112,31.85179433262963,79.38924085013578,1010.1077153063227,12.165251092234557,18
22.433388287867302,21.877508517293013,24.66395988872623,1029.99025720669,8.047769089545545,0
30.321787231248422,31.392411702657142,61.036484914653315,984.5948046038553,12.506612686936547,14
15.649677072291892,16.48854457940226,65.65848041606391,1027.770708237305,18.09677595786793,13
28.23755692797446,27.552686352844816,54.73536356429471,1005.4888422351756,22.867273117705803,15
22.726790159045336,24.808758214834057,67.15268823976865,1009.488980038904,21.087062320357145,18
18.005787012947927,18.073911823531148,47.244603303640716,991.7843557165355,23.28061897947245,11
19.13327036049808,22.891985692412444,50.92975956637448,1029.9305713518727,3.6411449006624435,13
29.335234664620806,30.667683993537185,52.20718385903816,982.4526786293897,24.897156893992893,21
16.670390464645063,17.680410425531772,62.66117081290952,1010.814589512723,5.471712308238671,7
27.952728819747186,28.289738043883297,60.40306733563162,1002.7480158696505,18.22594059550471,18
23.549246656376777,24.665597957091567,55.36159980659127,989.0662928052157,6.484534335209763,17
22.824872105423967,23.334665719134065,47.877516440438896,1014.0757267721169,8.563480737740193,11
31.889581023304938,31.148035991943303,61.36412649790587,1027.2922204531358,14.051953439141219,0
14.890233952349417,13.28112194205969,31.67511346285719,1003.718631998731,9.752830335848328,7
16.404934761513193,16.84066665704165,48.158228957847946,981.2404665021282,17.23210204377412,0
16.56932572864761,18.134992453981692,51.12014507486,1011.1257934206358,21.517550813553747,2
23.507569346109033,24.146264007831167,57.682846040693846,990.862328624044,20.0631633715829,11
22.233663990178506,24.97611467875954,86.40578566320934,989.7163176936887,21.72957159951276,1
12.689835218607886,14.638137892578028,82.57811402237533,993.9721211117948,18.3611819449672,20
13.429749871000023,14.902442818459823,78.97248747849027,980.5716338336102,13.677782993457024,9
19.111720974642374,19.142018706534284,62.26286006863291,1013.3213307074457,10.2725514747147,3
23.982402522044392,22.53790736717999,35.9237122585478,1004.0118356735513,12.150086205955668,1
31.03123031219087,32.25659459727291,84.05689181430209,996.092331760066,17.178063008995142,18
27.937266903371047,27.407219396953494,36.49777742031195,1027.2594880563504,13.700826805539823,3
20.644704027754962,20.233350157876075,47.31669847087966,1002.0072103268968,20.565623191964004,14
32.970573059830805,34.14097438167001,76.29420351084467,997.7470982244621,18.38419124331317,12
15.779457638667246,16.241700221479647,63.87830330905471,1013.8028002506627,13.051210404281463,9
33.193117604316384,34.394470463723316,78.48994969751922,998.5716975323367,9.516153667436434,11
20.099266435736197,19.924804055186854,59.50107452688812,1012.8696519747332,5.117291865544759,10
19.947184990490765,17.745171883061726,24.82930060973216,985.5801599725946,0.9495555240048803,5
17.10730939568592,17.365484908654828,35.72076678577307,982.6848593969687,11.704444072005007,11
11.28540694418443,12.416120857193807,39.99386197785039,997.623139219962,19.802644485373953,6
21.841036149401685,21.996890507597723,79.27495013088217,988.3520890669076,10.86256734298261,12
25.121269506656212,25.85355345739342,80.18234639795469,1023.0427514021725,16.685700150174736,4
36.099408883687694,34.41402558307261,23.559777818361788,987.0347711930373,8.702225806292077,7
19.91796832593373,18.449878921288395,53.96613190357493,998.736551126788,21.200697566432034,1
27.490152661144013,28.125151907477967,57.942334156804144,1001.4523996986057,22.030318311637842,19
22.70064641416476,23.16006652340283,70.6474201331762,1010.1050915063674,10.742520176078996,4
9.42670208835572,10.023585381690777,86.54282423200232,1014.7664703226284,2.250198511148466,3
23.19222866242264,24.16011600742243,85.5545331917158,1012.8747114992472,9.529375024129502,13
27.72464565355741,26.821791714951996,28.885524037192347,988.5756498824011,17.16649684958236,12
34.461926643001036,33.668906117306015,56.89496569594208,988.6562719582578,11.428014356701102,7
33.70891705981218,33.17776572146068,23.658806729311756,999.7834957048158,24.589958221953847,23
14.076916017530861,15.269827538750715,79.23357063080614,993.4916726645547,8.57256608877204,12
30.276187717739447,28.70649225959146,33.4745205445079,988.6394825941231,10.882283287383299,10
13.600849730393573,16.773567457909135,76.78138227153926,1006.9974113610692,18.777238261059647,14
28.105126005317477,29.232622341033494,59.91310510598631,995.3731086516763,19.748318026397,16
18.610109247023058,15.901261583661599,26.16995703735545,980.5481826565772,6.284350182260345,23
32.031100785709164,33.36082596883603,77.33751283243815,1012.6715962087181,3.7136287877495233,15
14.927473349037145,14.936762246498432,51.41959559564021,1020.703414369334,16.562461459032615,12
22.114451176753334,23.66743531785175,59.82449840913014,1020.5510844646113,12.624022973554192,21
32.96102047304074,33.42394557577657,49.2577955609721,1010.43437639414,12.786070847940575,22
26.223906696287248,25.31433670862048,54.74065878504478,992.6339813869674,16.39585969043513,6
10.390747189678091,10.450163890011362,38.70469268402519,1029.5798887764993,15.551487732052701,12
34.14744451093732,34.08486085533876,58.54833812863562,1000.0109547769406,7.1364430071787694,18
22.17330747396324,23.126233506134614,86.98942382093091,990.4247237477131,13.749724552855422,3
26.521418685535817,26.06412998837979,57.853594191038,1013.923177453858,4.068727694559515,23
29.915965611919166,30.043202076744794,45.713836069409595,987.1143109305468,3.7337112579868355,17
14.187240550175506,16.238654996237653,73.6737849436835,1018.6839673239625,11.233401485885853,6
12.654475795430312,11.490433133616476,37.93784467223508,998.57865542581,6.045874873861637,3
35.193438195812575,33.738015591441055,28.984494863028637,1025.048174801938,14.389428142460506,16
12.120564721344147,11.124920530885609,62.85110612602603,1007.0610314016446,18.771944412862247,7
22.29619299586183,22.90708247994185,70.77727211632829,983.9915533281437,24.903769763253415,20
17.01748016430371,18.74844633926785,70.78977732919637,1015.9750827523883,11.08489164583602,20
24.12769060465446,26.020657867255157,85.09452342019654,1027.474771586958,23.019120353057996,6
29.061633571270576,28.926202867465637,50.22905846184208,1012.8411153257105,16.570940007268245,11
10.648687908639355,10.478621699920916,35.409047093826864,987.7726146078229,12.936638841343159,19
24.171437009061435,25.45389335795298,77.88074930213534,993.1242227358239,7.291329634867474,12
20.515961783589624,21.33222086870069,56.261074423596384,996.9764459565347,24.633617967182765,21
27.671639448385545,26.24470116910749,48.77330354892407,1011.8174062633528,4.730882773731751,3
28.965691404859577,28.437708986475172,27.738021641600636,998.1813874385579,17.498985317845932,8
11.013878016423009,12.416911241167991,58.91095699392715,997.1446045674489,14.166401940051559,4
14.060838166540329,13.383852056942139,25.83653376381317,981.8892110906123,2.3227915332425826,13
28.372462727077288,27.563512538370173,21.671893392339992,1017.3209616422052,20.566336476259227,20
17.108309820672456,17.339796106612333,41.343218706954445,1002.5668362577048,1.997877733665168,1
19.86951000165652,16.31092360860052,26.39472699064891,1006.2344206046739,2.7124586267609607,13
32.641175330726064,32.07484562074433,29.929107833188965,988.4830540628359,11.694406624650869,13
14.59819578360917,12.862190951647628,44.66162189464248,997.129938560906,5.016092073929893,3
29.112735250018936,28.176419040384754,39.24269607799614,1001.305007699043,21.06077005376118,18
10.35651750284956,11.292043029215192,74.84510518115361,1025.5617155157336,24.738702982371926,9
10.992513479493585,12.970447906701798,86.82664498153483,1006.1996583732333,13.699194919848201,17
30.571400840940118,30.952882241202754,53.894919754334914,1000.7310031198239,21.4376434989314,5
30.64190182392613,31.9628890325337,65.32638568991142,1029.9280124242534,7.124206939432789,4
9.861021793169789,11.691709047500039,71.06649953835068,999.8012173151174,14.269219914647536,23
20.218892695406556,21.654539778188923,46.876422598408084,980.086241105492,4.373662843949696,22
21.315198244183463,22.320489613320614,31.50748790298899,1019.5296064325206,22.104266462772152,18
32.452757261229394,32.34974275019676,33.3894159726178,1021.0029682873127,22.552932716056944,20
23.577683749538792,22.85586096034029,23.69786804553054,1024.6397969794943,16.35983412076437,5
29.460240937096074,27.09666129588358,23.44109665349993,1016.874474222996,6.241252318957569,5
30.945771353319024,32.26646138654606,85.73760888171684,1023.8494415486992,10.337282287342003,4
20.98087823386585,19.059847477915827,48.76597866450769,1024.4965527945049,12.386789076633335,22
21.373508062906357,21.66732802211021,65.52078818514553,1004.5229762578743,17.63907975902093,11
12.254874128872038,11.63415393910963,36.88710352266195,1002.4477718739118,23.32030037425642,3
17.211603730216083,15.144859424735543,20.016861216250653,1005.3276907940709,17.66402035807495,16
30.99642541678147,30.344875492673715,54.440121060245794,995.9004852407149,23.465007894868187,19
33.498509419660216,31.469106983736804,28.89235031812622,1011.4041738285717,14.296892911773792,2
30.929117786124174,30.71096677347477,72.36243175391121,1003.78984074973,18.386431291885533,1
14.088737531180454,12.954120690541407,35.706808585985684,1019.4290882554235,22.222198491412065,19
29.72283809735638,30.398673474215432,85.20432708432482,1024.465236191411,0.42805214492904753,15
13.724087077684953,16.4194141930127,89.89925646099401,1017.8238839420206,15.798324071286112,13
11.571997715062693,11.093476807723684,46.12451583735888,987.6326490000304,24.166816667632325,23
19.203590497387882,20.050680422206018,48.50150089269875,994.4478909570358,22.25390906433486,18
15.991458428670546,16.713343901690184,87.21864509444465,1029.9422413592315,20.580248554515894,3
14.158913928972602,11.725189815320407,27.32624437355274,985.6969091563992,4.7318375041968865,6
27.72876504188997,28.779451195210452,86.08288947966491,1012.9865766130379,18.30919750368289,19
11.680138559186835,11.779716211505725,53.89211225143852,1029.8756872830947,1.0129881359917492,5
18.284835607501353,15.107909584974257,25.991968697593784,1017.3385222309714,10.210467687467315,9
32.221086857563,31.439058441532094,32.23507005316106,1008.7080999804791,18.87794473263543,5
30.142372654290323,29.58673900123169,44.594915425844874,991.9350402349489,14.886387067696132,12
24.91228362714823,24.41291188785634,39.68991944871239,981.013998688371,21.939959329035474,11
20.195962767932716,21.075842658440486,67.49831389927124,1016.199769207237,13.547023844317026,10
18.338774954155976,19.71815869691367,77.43229031108206,1003.6353449318144,19.6023675144962,16
15.676148630620334,14.75269124459319,38.44314119856938,1001.7492089585231,19.310193053081044,12
20.74819056742902,18.944956633136044,35.334142114191835,980.7455132077404,5.854217154916061,8
29.848642639839216,30.588805665295475,45.006937771909534,1004.4169071997659,3.149446520479207,17
14.746616192171887,14.295736508941461,33.07130958681597,996.4531408450455,23.153320969330842,8
10.58182376834172,11.039473996164844,57.58077525794215,984.0221600104667,21.789928773789025,8
14.551608662955113,14.117658835807397,30.838987713415918,1023.1721566755167,18.691115314919326,18
32.735853007077665,31.61805940637633,40.48585683671855,981.539155111882,12.8638272833445,3
27.613962355580366,28.78197310934417,65.75890850335554,1018.3968775809005,24.9562947546564,11
23.143567394021417,23.31543166137558,61.145891456017935,1002.197248016336,14.134629002479898,5
17.150811369735994,17.29156446773258,64.6757090528428,993.2246436673739,8.436867375916826,8
26.238095176245523,26.499601150854478,85.89340749508311,1004.7397177470937,16.837913186802727,4
23.690819612527438,25.786469814575515,79.93995896327336,998.1940196813441,24.93087678968967,12
29.098139330217055,27.128357746862104,26.633792972421578,1003.5270743022987,8.24825052106187,1
32.116637071434916,33.542299666450766,86.14893498890902,1001.0341118520464,21.778303027054204,10
12.337018199934775,11.802108399966833,41.89912396039677,1003.8397611950192,4.193610153490068,2
34.44705972177796,34.25642774315143,69.64264926560833,1016.3927934025073,19.989007906055722,6
13.969054631191765,12.347517894735459,21.472583172232802,1007.2504207861971,6.370440591109536,3
23.058205396958087,25.61535120286329,89.01009082876563,1018.7199268508627,9.352643432912638,9
17.488125906940112,17.497439824863406,61.93695275719267,1018.7107779083179,6.5157324468741615,15
15.73225264041286,13.04715233342369,37.525111069959884,1022.5719348165558,16.53941851435146,5
34.0832968147933,34.890777737472085,49.13519217226201,1017.7465866536119,6.050999819401165,16
11.828313234207338,10.990470633708929,58.45882824426752,985.6881231240326,15.724709680608806,3
10.528199228605601,10.986488322272482,65.55518245928313,986.8347537244518,0.478158765593259,3
17.807978544354544,19.106746526201885,82.35825038027434,1023.5593523175158,17.146811380786005,15
30.351118543365054,30.42434768179592,68.16213632663869,1016.5271315748289,22.663265802987233,2
28.455845579887008,29.519039651710994,69.62300043761077,1014.4782205525983,12.331610852627662,23
17.175937392532553,19.51001372426024,86.31148294658735,1013.9754011368278,19.762709529328905,9
19.616912010631157,19.578463206237437,63.57828933235972,1022.9375629595446,20.25757843333677,19
23.94964658925348,26.19543614976321,69.38476563542368,985.0538246185871,18.27589395820777,6
28.62142700095932,30.8232428893557,60.50097440150648,986.137002733731,14.445537656790346,16
18.873523987079942,19.82867823735038,74.40301366077267,1018.4689573231586,11.425632012023485,18
18.45356869288517,19.208680344858784,56.04492562024704,984.1904216743582,1.4599056014788476,22
23.03568992118831,24.14453887102491,60.984015682052494,988.9676679632275,2.711090443781547,22
32.0604349704903,30.661436652693542,37.33421501500071,989.7833147812671,4.8943777853284045,6
23.282375904232783,22.984646487598432,50.27060167015521,1000.75390645039,13.859101020710247,8
30.84874979291258,31.650891876143913,38.864303509335436,1018.5946073162627,10.44013118255992,17
20.90444866961728,20.741420318473377,77.95474681817187,1025.8510855940278,22.589574632541044,9
15.798596020699712,15.940938599809991,53.191056211535575,1025.0699970614617,6.439469562449984,5
27.84752233568567,29.007245578053375,89.49824921773828,992.2031725521463,19.866553857349047,22
17.68848205845674,17.598562806375682,54.45513283012268,1024.5052736721352,11.573433339429586,18
15.856121510348027,15.812649805195779,57.89347678908871,1003.0331872355351,17.815526983708047,9
15.777568884593727,14.535885877244933,29.056643187669064,1019.4934053689872,6.623272155560151,1
26.26082984060895,26.467340790473624,40.12578395686313,985.3441687543516,16.105137046017308,22
31.044431272808104,32.35248009197836,60.49947525955481,1019.798662177615,3.799063146955378,3
19.60686715472988,19.07457101009679,51.87228870433499,1004.9272439165646,21.69777829348153,20
27.077722663719403,30.476587846541403,86.2043548072443,1010.0683813495033,17.49571727706052,20
30.425481897492926,30.319989181437563,25.08659113068097,993.3328096066252,11.438635184335302,13
31.060381691439716,30.127432801028373,55.80054844111111,1002.6046761195192,12.052028955806831,23
11.55003178167372,13.481801816584682,83.71372869012875,987.7037866236542,22.736927709197268,9
17.848771451336646,14.865562795519127,20.26812033502258,1012.2198081140933,13.63685581845494,3
12.22695024253192,14.075883423289776,64.59332874525393,1026.3107052699283,16.030374755875616,13
8.950545151303889,10.981626291216505,64.39768574160762,1017.055352081484,11.05207542973373,5
17.29172470988905,18.132378350575777,65.34859270257586,1023.5445285013334,1.3739468662516603,3
11.621345820371673,11.96140953355665,63.05488278102886,994.0630010190238,17.468173092596977,2
24.63042073766916,23.007692522594834,38.02354515447285,994.825078551197,0.5586233441572802,2
33.38883299377354,30.581830317000755,22.85495094048627,1013.6324369716185,24.255876560700514,10
36.99544483080974,34.672398634707434,30.282759821444547,1024.2097235614185,24.377862676143145,5
30.63896251595268,28.237705716309918,22.174769117111943,1027.339558614081,24.178029456368687,8
21.8897355418051,22.90750870752988,53.38883748323576,1025.4017438167862,15.09004800553094,5
20.59217052015675,19.595972076124486,36.38404425122494,985.2787821109732,24.739676853516745,4
11.251992212056148,12.870920618480088,72.83792208536319,1024.1371038103541,7.131591548538322,1
31.562463495319793,32.561332682146045,88.94503759090442,1020.5578130793753,6.998240541411086,13
20.777018684614408,22.024322247153094,65.44077753816109,981.0512403609802,6.683439060291607,12
33.72655545875477,33.23439972818964,30.096801478267245,1001.972411164646,19.03618955317803,8
25.267490785033843,25.605949897849804,68.06750282068906,980.7683125367362,0.9479236018408332,16
25.09009225130572,26.99243042083363,54.86907719287863,1005.0348313897655,3.3840615440064448,3
18.790236986321236,19.81233891016712,88.69949974454177,1013.7099687471431,23.89529357935936,12
10.510291302402646,11.892493182744687,79.31077218748457,1027.8444221316483,13.799354881794493,11
20.035498079210598,20.993512162697712,64.46098922047545,984.1608851370036,16.81278423243515,17
27.334393151046747,28.216407105915067,48.11571880350662,984.9730798726094,3.1212869608321094,10
31.77936399037036,30.43263280533092,20.797276766198696,1027.9968285899442,16.533482709714566,17
26.43317445893534,24.689646777735046,27.385955248084077,1015.0931213412108,22.79436367560357,4
12.425940696347592,12.301674652061886,37.99829527990862,994.4108791477934,22.300639225749336,15
18.896689560137183,19.34802617532034,48.42574927918397,980.1755425455325,22.173348242730086,14
24.212106559525953,26.591779134066204,75.39175000188668,999.5358721127312,22.096902799647044,13
13.691181960507011,15.308477766956903,64.47263426958247,996.6328299910446,11.713673744786806,7
19.758855118252388,20.21835427745241,78.09577152487104,994.04416365338,13.372619604744873,9
20.133306646707883,21.270984285103303,64.0778516681442,1018.8195684326363,22.14706843929361,18
12.213522691713706,12.564199064589745,60.4039822495793,997.2602015519892,16.767194116591526,21
11.807182855166417,11.130466752654735,27.434967931191935,1012.3473354168652,11.629342416415959,18
14.910016756710561,15.20788475021295,81.87984438098307,984.3339280575416,3.46266944562898,12
12.041575190474624,12.282166919653339,56.82658092760794,987.6987064871914,7.750046319557632,15
16.299078008225198,16.037412131421696,55.680622012249565,989.2065011540592,8.647251889550581,13
29.099288501194657,30.51218961200687,79.03994569963345,987.158235388879,20.03280662138682,6
25.66176508395675,26.587544227701397,50.417167431314674,988.3597927273635,19.09010897907488,22
22.47382609990092,23.118390941535804,66.07986483983102,981.9902841611043,17.66191218048507,14
9.230874120912723,11.407581892045934,88.35195706047871,981.0118116319975,16.98885297768222,19
28.922360622997065,29.477564659894668,39.73558190392309,1009.7970797865352,21.084028221799738,20
26.268058438261534,25.073571911986537,40.035701506799604,1029.2985971975172,23.08856892340565,10
22.905016038413933,22.764518936488997,34.24748657372634,999.7066621414156,18.97906202908453,20
15.096560616764311,17.2437863228442,87.90521196666948,993.1440350994664,19.13580541861929,23
27.256362736289205,28.232745011930156,75.3702851845785,984.4849648504128,18.839633974987375,9
19.72102223421567,20.279761896737277,51.92890462626433,989.4848182425064,12.6265946044999,15
29.340328437062315,29.02803842607895,52.584088070778954,980.0078872289029,14.774998977148845,9
20.436432482268444,21.495010594233005,77.66211233386097,1000.4421830862534,22.903775670360034,10
12.040452464247178,11.265561806726852,62.643677397532834,1012.3298641901235,9.720912926185,4
21.944837616859125,24.417559971443907,86.9784967280144,980.3626214007572,0.23904282126195608,12
22.501965972960946,23.797670969362137,86.0087948849795,1008.7859652665602,2.548297669514252,0
27.203742829795175,26.835810833122935,57.06735305157202,1019.2900232593987,9.82019292381347,11
14.443677948583769,12.605620070208692,42.449851548900575,1026.2017246215128,12.310567234964868,8
16.26085470518932,16.721337859554836,86.5658946306084,985.6136379164454,1.3241601402427527,12
15.538940131640093,15.71691949009022,46.68028174243149,1007.5515676340078,5.872656528280965,5
15.542053111342545,14.678106760262542,47.49499524300935,1027.8113098538076,15.528065072795256,9
13.358067012854391,12.324765995578304,22.76902545938292,1023.5445895233903,23.11964774285034,10
13.864628620405893,12.6793002834944,32.8974056100872,998.2013734607283,10.181160431551763,11
23.206708523691244,23.615771777678397,75.2771529654929,1007.8852380953335,19.284504718005692,22
20.20916474069336,20.223823610356746,39.508602114996805,1003.8938538561365,0.5409831236290935,22
21.779315153335112,22.45324858870106,83.75564513569643,987.8253949540228,8.947452138641198,3
33.0095709724813,34.56848852275965,76.63241851682392,1012.1998976815237,15.013941401515732,6
25.631220530355247,26.467694387521902,52.66782090816049,1021.8462164954645,17.67110893572746,22
32.92993590376094,32.19260456895749,36.91208935050341,1021.9328577246229,1.7233175531022271,13
22.323954998700472,22.79268617786752,25.28881456339387,1026.2118850407066,17.691359577953,14
16.73076178218508,16.232305728721872,27.46365332556185,991.1301818270618,22.070141979712123,10
36.56932554600491,34.266913635243604,38.77932143174897,1012.055973252599,22.041198864370266,6
21.09611092316638,22.431212647309636,60.72050692314337,1026.2311408921264,17.78782250779546,13
17.738178636280708,18.127600385792473,36.92351552357771,998.1146499158243,6.770803508498982,21
25.293874480391928,27.42839514729523,86.97702694136144,1029.5282606378366,11.718776510860351,15
23.488999486305936,21.805373129048732,28.344730998840134,991.3500649669211,8.568510339721147,20
22.182446428269635,20.56572992534023,27.96333711631846,982.7982778631003,6.73150791177444,13
32.90516822570603,33.99657006783638,75.4892384046526,1014.6817420363824,4.159068107793046,12
7.788092480273749,10.866756668162083,83.39074963011926,982.648645302305,13.38841694492987,17
10.434558530105749,11.762298641078615,64.66649080575166,990.9684032532635,22.038276201050152,21
10.202201659292626,10.560647229051378,44.51906594685293,981.8587644024823,23.74902252192229,11
30.853700381050253,31.036188827119,68.95190448087126,991.5587941568697,22.879842785614162,15
35.61895205417078,34.15118762821693,42.863533402360616,1016.0954786996152,0.40764754466262043,4
22.390009900431465,20.85048415434688,21.408520529715183,1016.0926580266556,8.725467813561078,12
19.13708789463523,19.397207128644233,81.69082819298642,980.5116928204379,18.992374944997795,11
23.50968827018656,23.506972329685528,55.841637237613156,1018.4016227127041,18.546762127423897,7
20.64875105576746,22.19167671553161,64.9105776870376,1026.5003359916584,13.07980634021732,20
33.95295600935723,33.767857660247905,53.1404961562515,996.6456048115701,18.668669312814856,1
27.219631982660353,31.374350489036857,81.14889033589621,1011.0562649545415,2.192417729057733,9
25.291544291662504,25.86860352760074,72.96934370780286,1021.78937182261,21.93008360235012,3
13.215837552487082,15.515298817780282,53.1641304760096,986.5785355939463,2.0790433283116223,18
16.90179650809503,16.807683162984222,71.28288894682791,989.6020996779502,0.7849907453185284,3
12.276184003782046,13.586736425450502,81.30019255912576,1020.6818011900915,12.443184411951696,22
31.553173003317895,32.46401511687098,58.784086842214755,1008.0135037798486,22.51013296412668,4
29.174353454829347,29.978949277619552,70.12441373936907,1004.8311907031585,13.04461916787215,3
11.73868639942901,13.847397658496376,86.063646754841,1012.788865089209,3.963538389790261,22
23.639897339426565,24.34874665172526,38.521797831672096,993.669195905689,15.915727961126217,0
25.342527564903538,26.021868620080365,56.772278511550496,1011.2923333025306,15.256224457245121,19
10.643434170391,11.70430773463734,71.86182447053898,996.742847549949,16.595252631257072,21
19.765242831595817,21.36910856381653,67.14617507720813,1019.2255067838777,3.9290705747937498,2
30.118127907703848,29.515792935638927,55.682994683061,1007.9024487814744,16.411759847173567,5
10.336117731271006,12.701113984410178,85.29923549522094,1020.6631150675327,10.723226475422937,18
10.777567012187573,13.252016745723674,88.64537536948347,990.7496111794196,24.179101378401306,3
10.651554030776854,10.59096465115841,84.40267148763368,1012.3579780563479,18.274042704027902,6
17.29512242160816,15.786880344132452,43.74424018903426,1028.1601320485709,6.474901832490818,0
13.668008310877708,15.606732736513994,72.93345638747464,1008.5193662683765,1.4537780141600287,21
26.16506545782474,28.00091341365186,77.61025021128543,1019.7081354418805,0.829912152636747,18
34.34801686337557,33.41514230737404,49.735592693198825,995.2690740984232,10.06137945697424,13
30.803714986734853,30.77372927637671,54.43131716225766,1003.2313535434272,16.491648292268707,11
14.368348025191732,12.869221796730436,30.54276671479634,1002.6649869323271,17.967598737549327,4
25.356624739063765,24.101850720837945,28.292319356613728,984.1951270914099,8.894017874857566,17
24.617708184044428,25.385519495520885,74.21341934931884,991.9732389767233,18.780754722702053,2
24.119780410664767,25.565763339966452,71.33295361018035,1026.4992391567068,19.24645014197234,23
25.460655530434764,25.349257658130817,44.23862355515514,988.7205271608208,1.7756914500320269,20
11.773347018113727,12.388382845866705,59.20811881065439,1004.7729596451472,15.199705779913442,14
31.12134395560018,30.88256238973095,88.92581343135878,986.2806351760152,3.974127350565765,4
23.483999036002686,22.821868557631692,53.649983953904915,1006.6801200762714,10.044631129068973,21
11.758455790074272,13.785807859249083,66.45931352483792,988.5917278458458,1.0961754677740798,10
21.996415999311523,21.62590835552275,51.151307860774864,1026.7899915764647,23.82050154458954,18
26.18058127212675,28.1792267441577,77.71619488599505,1023.5808423164425,18.674365117169263,11
15.105770389161949,13.48113427793988,33.40649254351037,1022.3805687107824,2.896319425094113,13
30.72216479626829,32.83101381391178,74.60336609280304,984.431648737479,18.8077742668364,10
14.541695278602223,14.96789203835431,71.84645067466381,1020.3685469896245,5.637577563024065,6
24.14780432981126,25.885358921547745,68.86818468584664,980.6722021991708,18.357741665215116,7
15.578841894792244,14.17584865230188,34.41917289319312,1008.000199461446,21.77535718484373,9
17.052574421581006,18.520088506325447,70.26099246889011,982.5603174595165,23.006779940038466,13
15.728384714369916,18.218790257187706,69.10493710256162,1007.691804125111,13.772815998697144,13
32.37350117308003,32.72581301664103,31.498931461914964,1029.0688552163097,6.358988470159546,15
24.830416123648185,25.006285252489576,40.53727729080848,1018.4511619391324,19.74413719486666,8
31.038097123831367,31.23616015564339,35.81169890535031,980.993995434864,19.812193184251782,12
20.027499835736393,20.17766222814069,78.07506637470499,1012.146560408038,21.424595142784394,9
11.434731502554339,10.985670284212647,55.13086717171526,992.6834729560849,24.7480372818735,8
14.51400405309167,17.449430887396094,67.5872687653979,988.006412009232,15.715780389222322,11
23.005493222917348,25.621852490174973,84.580068343406,998.4338711924572,17.918119567036264,9
21.34016125329015,22.3239242913965,55.14921486436727,984.3663686279234,22.33357382010479,18
12.898938956902187,13.56391387582789,57.436068384341766,1010.6334264869739,7.294866168093131,20
16.48719975800722,18.15634795102867,58.99333103345639,999.6838091944511,11.392091662532911,17
24.388380387383517,22.206028425544453,39.963061720703344,992.4345904735568,13.208617335913855,8
23.87938512851191,23.555930137296208,50.42747038215292,1026.8386974761502,15.532552229302471,16
25.779517114502468,24.549285047859968,35.0824035093011,993.7318439908491,17.982195003807007,17
17.729302402834314,16.719940375754955,25.47921365109131,1006.1847166122344,19.762308906208265,8
29.317160732018575,30.732169982918887,83.27671456329224,1006.7536874889607,8.370696288883767,23
33.59619259728433,31.091241601295593,22.15772330895592,1024.864133606776,14.183498239223391,19
25.58373254739065,24.193182948276366,48.202302173503405,1026.019491575002,9.14679257872439,2
20.089891072207532,20.370487558441628,64.72741153812991,1009.1276918520997,19.939138813363048,8
18.867133643753885,19.68186028562103,64.32984376330968,1021.4643338765258,3.637066239981504,0
22.459182346607495,22.846361605169193,63.74606392854824,1006.3954913971962,10.175269805933059,13
9.578025304692506,10.581798393395646,43.944860426028875,1005.6534711431719,18.008106933160036,21
31.697960017363137,32.50057808495028,86.86226123346927,1022.4293828515439,15.686140245423555,6
20.988053128828483,18.77047773337539,25.871161698640847,988.7755726232748,23.847649985682136,5
18.298989877996412,19.5958237983261,64.94771645178648,989.8107825585148,16.545539949727676,15
27.769192971479644,28.10072971932303,52.87579798661365,988.0278905381585,12.435284487285655,20
21.879827719022103,19.36531536566178,51.496057198820175,1006.0495694324678,5.6921656482399605,8
34.20557786788735,34.028387135189824,21.61329618846252,992.604932978115,2.039790759673174,11
10.797743716664963,11.591022732166058,66.79826865797898,981.6587078877886,0.2443057854870312,7
12.852437720433212,16.00747808625917,79.77639241101805,995.535176177912,0.5397477785668847,11
25.232740395737427,26.255027309953835,83.22915355672399,1009.9506318557306,12.031086384420913,17
31.258057502005542,31.867541817104986,55.9462506719239,981.1542740275885,18.939595817976436,15
14.226694360846194,13.470679316235254,41.81570416582542,1018.8384135675036,16.419850115750794,15
13.431842316992716,13.760422277588205,65.07355699474353,1015.296830885581,15.228015555332423,5
26.37179733336214,26.88966933918597,54.42998099752032,1006.3401459427969,1.3119420207350962,14
31.600447826043037,30.71632265295723,31.531380622140684,990.2223183532832,22.397095926688678,18
32.805952004320844,29.762744856872125,20.893579856252813,998.716807684837,22.237249759988252,3
32.33606212917387,31.97795768905412,38.07587692819881,1010.9018762338478,24.76812638119013,9
13.48238548490774,13.150050696599857,55.91540528576349,980.4779093074035,18.703020002773158,0
17.45074663136277,16.029130357694047,47.93765096901982,1003.9850081266773,8.115618099461111,8
33.55000572390758,33.53685593765164,31.22163276608982,1011.5304235825305,17.981784626730388,19
27.331166908486797,30.014667477727073,80.7668711906944,982.1167472951246,6.465469282761904,19
11.522312596578423,12.459891242834933,42.1528148843049,985.2666947122482,1.766704757701962,10
24.886079770170383,24.655745800419933,66.4001851344266,996.9468109968514,11.463719286985002,13
20.916829725728537,22.64721697211165,87.58140442204349,1020.966687614943,4.995523008534103,20
25.833748704301385,25.022800141477152,42.812310037554994,994.124941842367,8.997698187341832,11
17.0760104827514,16.30602550433404,42.89047379472715,986.0001374808444,24.84779970579455,6
27.38470220025099,29.45115766207998,89.41711369821748,1010.4847727572492,13.038536229837849,11
15.104380787241656,14.652535446156932,33.589013931218055,987.0914414343838,19.777143038200748,2
12.056866778114339,11.443303980627931,61.32982721755239,981.2331844149005,7.978487888354832,23
24.321544648007414,24.32605501547539,58.760976197885284,1022.8065110176523,12.834751838204525,10
23.239598127039603,23.766511480914108,80.92803241740859,1018.040083587805,8.48925182013131,1
12.344833733684942,13.508112954837875,80.496142158309,996.3092530638954,2.6060799721194376,16
16.51910273678894,17.782692478900092,58.82343438478015,1028.5700924304324,18.753870594873042,12
15.90017359548149,15.146030250919207,23.344695527698377,985.9815219758035,8.058877335154408,4
19.243245720019278,19.907815637455514,86.40934427674266,1019.0113458308947,23.78513789275396,1
31.23964396868074,31.826078675380085,61.28840761078289,1021.1181756906216,14.600479496696147,22
11.15687716915865,11.588958757150591,36.78739665446132,1004.8511823888604,2.97892613851162,2
30.245303344984336,31.544640525337933,76.91994031372079,1006.2551199071122,21.86110970515399,17
26.132721647046306,25.902401160238554,43.0524894237753,1012.8074857251582,19.5260780269242,16
24.58839492236347,25.296322368059485,66.68492132210766,988.8521647264199,6.809614481582238,22
30.867361473889304,30.927990695766304,29.12385064983503,1023.4879624783844,5.508025717810708,19
25.76361491423485,24.839023384469648,20.050180109460584,1027.6210347376727,0.6259084059360959,13
18.011416824045025,15.976659601875742,24.305401552104698,1006.617556325857,21.155194246974073,11
30.534931120053734,29.513137881096547,32.86690226372705,1023.4884284006963,18.671203032402953,7
29.785052631265874,30.995040166610668,88.32548327307632,985.3152910656476,8.820150231647645,17
28.279725198369896,26.233058114422043,32.68751788860864,983.1158862524593,10.804181379349648,10
14.234978832936868,15.373509464768919,79.50929142795258,1013.4180351058696,12.787878402080624,8
14.78754905200801,13.800621328216202,26.89827959890597,1022.813382676204,18.534874306993743,11
23.0690151689609,22.578311813788503,48.518369012794416,1005.455684624444,15.564462255532469,18
20.345671556611503,19.667676426099447,33.42414208055697,1015.3264816151595,18.564252768561403,2
15.63839741265332,14.980492145926913,44.71033256802854,1006.1047618457394,20.139606228590686,20
28.373123274424636,29.489611839168834,33.87374704951677,1016.5672547592636,11.798448213911467,13
11.671926706876894,12.126409637231028,64.65513427057658,984.6288033526049,11.384193337589089,0
23.019721733991787,24.42806465095802,77.45150885710112,1002.4863654161891,24.759944902299118,20
26.58902927791291,26.31865269629687,59.60962511874703,982.7741971033955,17.19012752484483,9
21.02380151732786,18.553315002797373,27.212918540168786,1005.1265842128538,18.855046647133765,19
28.42160761955634,30.036144405573843,57.36077895700111,1002.656816573925,17.09337194553567,22
33.27031788979137,33.36359701788789,39.19832951112298,1004.0972139696361,17.972745383130274,12
23.612746652987802,24.357189377255274,84.33267939200698,991.3384776675383,18.740528889091074,14
24.22066867698182,22.96404221664335,40.58023720164672,1001.4908849070691,12.499588290120878,15
8.909653046183614,10.6591743624313,74.31140781287851,1004.7062870570635,2.162731723493688,18
32.163196646910926,31.430773434244777,50.95092966789682,1024.4607006712095,19.385362874160588,1
31.268646132558445,30.41498598678943,38.6270957976116,1004.3204549495543,18.775824038440213,15
24.528201566617692,24.265243665970743,42.420911974771975,999.9753237630282,19.622284866596253,23
20.62424664651077,23.604966562592555,61.753220428076666,1007.2617859162788,6.192171961165033,15
15.812039439118356,16.249322271720743,74.65129110200688,1029.7252552110278,17.121708500671183,9
30.12696522256895,31.349049173885554,49.0498430859528,1013.2702396319127,12.638543085743487,19
14.163446615159655,13.29287571447734,28.17628754137664,999.175451224637,18.195641729348598,2
26.42434598350333,25.866781831348536,24.93224743668708,993.4678459090247,3.6845816899337134,13
28.41820845523678,30.16733799236848,79.73425483261067,1002.0268324061689,4.164156252110152,21
11.236074033891814,11.345763122711476,68.15739880830964,1001.6863531323008,17.409031672911816,14
30.408870550416854,30.436089043461024,51.281193664030724,1003.6904217480069,23.34885329488095,23
22.319157942532406,20.749630353026493,26.379613736279506,1012.1401754391438,12.683588308055407,23
11.29757776246634,10.925190867887316,63.61964976234778,993.6458580162185,11.495560772729474,3
20.350157312473343,20.978745415843708,42.88594701782865,1027.8274454364603,17.35579697057843,0
16.514332036741337,17.849167934433822,66.46140524857569,993.3672356079427,24.74807856051821,6
34.948595430938845,32.500466046202625,20.496426894205968,1026.4558176345663,16.978193435021833,8
20.455404395052145,20.780846744788946,49.0393324592382,999.7970547906987,24.64537764533789,8
31.45021328766731,31.536142150533106,35.51531202322914,1001.9910368916622,24.58733014499437,20
34.04757784433707,33.23822860619565,41.11108089114861,981.8778034870095,22.057027376134577,13
8.648124799595463,10.40500993348668,86.54157761517871,1022.3604743786694,24.87629383187514,21
23.940339852020838,24.290317236747498,55.04336726337517,1002.7957968511057,23.250670947204057,20
13.184658949880633,13.360366923474356,37.66259209846217,1029.1022311393192,0.7129623477823144,15
24.22579702977413,24.470168862798513,58.81423800248195,982.2173430976801,11.704597400719177,22
31.879918436779096,31.842464836658625,58.1122932504418,996.3595802914457,3.877340156775058,12
22.36633027836246,20.760685258024754,23.071676185812052,1008.05550543842,24.23500281415467,23
14.583664175128504,13.428712203818579,26.37254204618092,1006.9126373172383,21.301745945713925,9
30.606467730766056,32.278577842451774,69.10956859220596,986.610576141015,1.7376949128798307,22
13.295384005900118,13.487346516301045,50.4777426379826,981.4260012419325,20.80155241885377,23
17.37292595286263,16.497624481070822,28.973165096732323,988.6601815379956,14.367580097987195,17
14.3197970092171,14.46361655135834,54.01199243327292,1014.7270987018637,5.1112831558132505,17
9.719305748495296,11.441189554975622,65.55795653425297,1014.748263440932,8.0294814741866,13
32.761165150608726,33.711332674053914,66.64851132864433,1004.7585796123333,14.393752088007764,21
18.67650913681808,18.552690521589852,42.92964057454882,1021.0172507523765,6.876919628448075,22
33.95244753821052,32.72938160133965,33.7537856682043,993.8450844870468,13.837123839608198,0
16.486469024326396,15.987754247738453,50.38342079347265,1029.6019236889297,23.83567458502033,2
16.171211475557737,14.030470299378063,21.33303864920043,1001.3140453127268,16.173486227015964,10
32.64882054958754,34.90394183746947,69.28730525401458,988.8306846287062,15.08205798626471,16
10.735292492028261,11.811172194863971,55.06136241227194,1024.7455321282332,19.554850901161313,17
24.97522270727046,25.688952002101587,70.89129689098938,992.2394759514713,18.06624255902141,8
30.972966753847267,32.56008190276687,88.32097479191559,1029.379788725664,15.967764544071864,0
35.116803744090596,34.463136709728516,52.792286596096055,989.9731343416526,8.974260742175217,0
17.61596872534549,16.831488174955233,30.598731075525954,1002.0643901399972,20.113967861715754,1
27.112275133047245,26.24909826944413,43.291063355726536,1021.5091483308847,16.264369777733652,4
15.344628912259507,16.16005083097767,66.6163016256325,1023.5027596554642,18.60465268078983,2
21.05235928366725,23.467544948817856,65.367148908275,983.716543617679,14.21510533924836,20
26.208791166265407,25.655508040785385,62.470134137900274,1018.6652020057188,11.005474324275049,18
31.374928600243848,32.91588089603018,89.09700601468816,1005.0377637370493,5.524953938090879,11
30.819087568377356,29.591325318528575,24.56937302965247,1022.2709600850385,14.263821373749305,13
9.991211152125347,10.749339746816949,59.35013276793095,1005.3892093475561,16.528856742977325,0
24.448230370923746,24.755766671727176,54.927756095455514,1004.0133462832814,14.292058152481776,0
32.668776290489404,33.46324458682826,47.56034187571263,997.9042650946689,10.285905935666559,23
26.460821222277314,27.8775040320925,80.10704384506474,1008.8114705888967,11.050690210760594,13
18.634470623468637,16.003640469454826,23.857107461118176,996.0868514929139,7.221278083290786,23
26.154469861586726,25.378228513529997,30.902613600587085,990.0899790671095,14.969342603340413,0
23.816182508014418,25.664812777330255,62.66274343566354,1019.6422266918561,16.74364518564098,12
11.277803629746384,11.002729785312063,69.68159593607142,1023.1337035165944,3.094016652100276,6
33.970885136922426,31.229891289132983,25.10289163101585,1023.8459465935423,1.5284407503055903,16
18.3145828071148,20.259920674741537,87.05797465377178,980.6990856485683,22.777128289351214,15
21.203752622520685,22.139742491484945,37.790309608947005,990.6980865420397,4.065010210092465,15
18.770494689005485,20.414145712057305,76.21931622553721,1022.3895135181438,0.5245749071575795,14
30.332850735644712,28.83445463147354,63.41643942727843,1013.8540985975554,7.785393847028968,8
19.00039124385008,21.478100582167023,86.04956520098838,999.7823410598356,13.536820685327179,16
21.649429718191243,20.748940494495542,34.6924989613498,989.1973708923692,14.669169095700685,8
31.55618418747827,31.202730875390753,36.60780545599961,1004.9702280690123,17.548620614364705,14
25.295559618855734,24.386854446896972,54.8833119805966,1011.6889519771626,7.9773834968247,12
14.874109755451135,11.29891443885671,29.171023305532593,1026.5281013517786,20.31127829301485,10
29.043426778264518,28.27175864440401,42.30880800997781,1027.824906238855,6.6521933967237405,8
29.19089757945299,27.300281398666367,34.21494150440435,1020.2881916271504,15.505751313368904,8
13.028879155499192,14.370965681510313,75.30919616082758,993.9797185261616,17.938421587815675,6
8.585058439179633,10.55165371705727,72.85477428921376,1000.5421588740455,0.3441173333849995,6
11.1746526462463,11.08531332137048,30.11055389085543,1007.4101886396076,12.276120544309432,14
8.774454805561799,10.813154487281299,75.81943877591651,997.5571845278406,16.814179877365575,18
10.881006325107437,12.015037843928116,41.224573563177245,1009.4635880618544,0.1885273178999669,13
13.259658758281695,13.17651281629712,74.21399221838536,1004.2019470113925,8.145889871124973,4
24.093626556206026,23.755663553906544,55.19484092926764,1027.2525276697302,1.3655384122259555,4
32.919369588789614,32.66093633361027,39.57716995825102,1024.2961835208403,15.232435982285358,0
11.695173465220552,13.20114597394431,84.99888730258952,1020.1337906263143,2.7804143750553845,14
27.567706589033723,26.778936834492217,52.520793510747225,1028.045871577903,16.97160222713784,14
18.414195202259506,17.78043737658484,48.31636671207645,993.4398548083489,19.085445355516796,22
18.34899622138327,20.68724219801538,86.15857141214208,1003.1755740179276,20.205320762912574,3
11.711228165210676,12.450192119518526,52.34983312889305,998.3007693795938,10.393859691890048,14
26.989354320090552,27.206855894505928,49.692953902218335,1012.7463867386068,6.095596315010122,1
10.105376238821417,10.589874116138228,88.98668932786526,982.9215495427287,15.221677365730827,9
23.267015819091736,23.73822205809339,60.3581492965798,1022.0224790819402,14.129938029443778,8
24.332694598834674,22.577098769495908,20.0899097868761,1017.8296967007064,2.6404261315434,4
33.755509402256834,34.94835276333344,79.37421899870269,1029.4101746363488,21.025690943935295,5
17.625228634618164,17.660820567584288,61.43400830933491,1028.1976712694143,0.5504028916779646,2
30.236122099453056,31.99381005735859,68.34907276494161,1003.4144283836434,3.6714287160050567,17
13.90544465993576,13.350380711266018,27.87521913686422,985.2411320470383,22.96809373334576,22
22.83464959975612,24.290191237073596,79.80421879479009,1023.8214637421218,8.071498604236313,20
12.91213066959592,14.273410060521208,47.24864777663338,1001.4671391685388,0.8455410429799803,19
17.33315664456901,16.416180179652393,38.04286509396768,1007.5246234732958,11.656418527934335,14
24.340651526715817,23.57561459894158,43.39001156687035,1010.2700185976672,9.177894183513382,10
20.08108715708437,20.47424434448811,33.162876481215,1000.4328841104918,8.217434680431591,8
25.825700407591505,26.06048195515789,48.39516816130663,983.6174254948743,19.129755074525747,10
24.463387653716634,25.522887944186927,85.62368206793732,1011.0814789021607,15.6984373324865,22
12.663350492607236,11.444514024909166,26.25379316043068,983.7980143482458,6.5612016740960035,17
17.37627096453046,17.81944973025885,74.27866602147462,983.8832930889176,5.43196946917841,2
8.551260951155331,10.003367325112134,42.4126817199907,1021.0337691700536,0.4682573015104968,19
7.000035906222613,10.027802354904685,86.54144091531569,993.9993774727049,7.407551127982101,9
21.77544415055398,20.71755052466084,59.24861369629761,998.774862066081,8.95807321473458,7
20.18510440555154,20.987792215822754,52.15422071209759,987.4192689108739,18.485286386417286,21
24.341546000204826,24.54055732472984,63.90808804451848,1000.0349640621627,3.8014931944508086,11
30.734805482395966,31.06779755401387,87.98539383198461,987.7838062770987,23.767048420177062,1
20.675904735703742,18.515104164532293,24.592053546152066,1017.1868407476222,17.599648046616583,5
32.24756108695349,31.4544263289291,28.839843080919827,1022.6118262487955,18.024960501122596,16
24.82573619513435,23.9219610793024,30.686071517854863,1028.113903007623,7.872738688167908,9
21.29049452721869,20.774630512832406,59.280514870462206,1004.4780453113802,12.524920915304891,18
29.348047837853848,27.968490446338254,40.65762021289997,1021.9814693784496,2.482333657420091,6
21.32671326459894,23.66146354320311,65.04864860911923,989.1732126984424,19.02433911329133,0
22.21421303961585,22.942791084617784,59.8168915503711,989.9864259561202,16.169374027048313,23
25.52089860311362,23.307296898786362,29.58766441809651,1028.2441497081927,17.298285491827304,3
19.262902782820834,19.670181051297,71.07246544647398,983.7738957212015,2.88584099958773,23
33.17296446979117,33.731827656140425,55.8518969153721,1009.2549949272493,10.022332956665664,9
24.98885426236522,26.41950261810735,63.300960435048076,1008.3092992158688,6.412013159202648,2
33.6334279730759,34.79524878373409,55.6989555519448,999.8978638647884,5.752269801000989,7
14.328275868243214,13.667377850379538,47.27601956016808,998.4665084409822,7.114167751996292,15
34.68798398561121,34.781399842554706,41.11635691418042,1024.9879807684129,20.131764930181273,10
18.25366421136999,18.648374813674074,39.156646944502036,1027.3154449604194,8.999337954416736,12
24.806690510348222,23.67322189963692,33.22091307339981,1024.8648294266648,2.1447772065509128,7
18.161143040182633,18.80937366524136,64.04534351058045,1007.3618713939642,14.727366895414526,15
13.891561970870942,13.861493680583095,31.3748890832109,1010.0061969969748,9.489841095560998,15
25.563163747344568,27.6592999202499,89.02195497375008,989.9661929475287,19.049070972232233,10
18.168943017251443,19.612783191120315,87.4741208451232,983.883620663642,21.408833720337718,9
16.493475815694477,16.529060812771505,55.09456955436222,1023.5023998303196,23.308797447531095,17
16.044474164069797,16.05055199952193,41.36501710902014,1006.2815514000184,2.1303521725442724,13
21.544963820747853,22.37866317534936,85.32350419343128,1024.9991638439326,16.022291620930176,14
32.307133216376386,30.611787940113725,29.803136849396033,1014.8269511193946,16.681491149558727,3
27.499893125711367,28.31430243025626,76.35834461282654,992.3308711345337,23.340412980759183,1
31.478261922247448,31.803097723603788,75.65771977687072,997.0438269791969,5.261555428550086,1
16.05284581389535,17.14395811481765,54.85084263600234,1009.1060685409918,11.899399216493652,10
12.691649377978624,11.533740677766705,36.24550045063155,985.8731036398192,8.208933808180136,3
24.35364783470481,23.9334292393252,43.32692183855094,989.2582522708101,0.32906928579743977,11
15.178323184508193,17.615344229334266,63.20359589818767,1024.6824324545241,9.59687383585694,18
33.88998581781369,32.6588596273684,48.78010355359909,1025.1450505581686,12.521748834554138,14
20.0812343898193,20.23529130478101,49.324653735504306,1024.5057568154905,2.618956488462451,4
15.50262961111185,15.833320566233166,52.889180448857246,1020.0311828206408,19.160125589211056,13
14.131713883903346,13.2521560032658,25.0765621868137,1027.057016757292,19.11624028975893,12
22.37412832867897,22.012673681445722,61.36063871765801,986.9387942056316,19.746197712133686,14
18.462944889894732,16.884529356385464,25.508837263677933,1017.5464196758361,20.37958080731882,5
10.619418372623318,12.441802850159597,87.88732052436494,994.5758464075597,11.796074370940342,21
11.272771714517267,10.779578376532116,40.24052341179057,1017.0074696848795,17.51829700908163,2
23.277418553066806,22.64085383554897,42.16790492118482,1022.4987883554797,14.016073128649653,23
13.42133441237868,11.878444543395219,23.121166491390078,997.84443311402,16.093511459431163,22
30.836921802406405,31.105308132153578,62.47037058475624,1005.7868094187022,0.34951979598779603,18
31.771819432436835,31.17218061072382,29.22672614482214,990.5322798817768,2.954920262874636,10
20.61577483148853,21.30497570708588,73.33540630201679,1017.892906103605,18.214130290831772,17
13.97245516729077,14.247025151268383,76.21529496364214,1005.4946287865436,9.095817756709634,5
19.516962372206574,18.83553448256795,36.810611721540994,1000.7034309720221,0.0063113622640526,21
18.564148171876184,21.003812343490033,84.58226299657704,984.9865486171941,10.371199245245577,7
17.462943893380235,19.904317290231386,86.53524931123944,997.1715294009747,24.1569062974349,9
16.380164473799322,15.511150106135473,42.375644357871046,985.1748751796783,8.304481247582832,0
22.972652374365616,24.772323579706047,73.8342793211807,1002.8815937272587,19.65288619507831,19
30.816685435543008,31.835580952041514,87.78933913502856,986.669430854663,24.57541076765371,6
17.800014299093124,16.049428257926134,54.24513740816634,1019.9505185676179,7.119799726667855,10
23.67879084189958,21.458089864689384,22.43594399078451,987.1788731724298,18.54667150216481,13
22.503432980291713,19.79527236542929,22.52261642494312,985.2791356452213,24.274803713095352,7
13.825959667359733,13.731236743536847,64.10242042797067,1019.5207625159605,19.001180149024435,4
10.930644067097004,10.367334716373847,63.04321101968553,999.8726962833514,17.64114840907533,0
18.61541914511776,20.378641349818643,44.227506854767654,1025.7104394840405,24.446177183201424,19
30.59372798270992,30.60876118123374,46.73706133316882,997.4047773753937,16.928623433229077,0
22.103434070297347,23.49892825701399,72.9449238320544,1029.3090155804348,16.21059829428947,15
20.909637721965467,19.9230819050399,29.994994566751927,1009.383452573663,8.009049262307656,11
14.889992278075972,14.088096814625569,62.037433774449035,1001.2715597128173,1.8307876069308477,6
25.499397493979135,25.08719166491137,29.012810615763883,988.1314148157859,1.0036942507185094,18
15.58190436797262,16.45610970747396,50.73914625633954,1021.1862143068494,18.782682391304412,18
18.700710547397343,17.694272632328726,26.5121262318627,1015.0748950282891,5.154121115780177,14
20.32013574183155,21.097986362659444,87.39493655865125,1006.882423199384,16.771442583267383,4
12.511378491555,14.952440818993503,66.66961987775197,1005.1199263921768,12.907914041529251,15
29.75208939030009,30.75549661417479,54.46569340908742,1021.7227107445848,21.360574008190454,21
29.06576617961261,30.873680142360094,77.68661433390619,1017.6694057459918,3.241260012278216,22
26.41592792148188,27.3487111116775,65.65967789729123,1027.9521998435705,2.4738075421633727,18
28.882056876559485,28.20540871529649,35.805268650544036,1021.6958300230518,8.336425513291182,19
27.273775116086846,28.299848545285126,79.81831752415262,988.807695625143,14.066669516408329,3
23.835745159643718,21.084500359479694,20.02810808177379,984.9881502019067,9.66925521507394,5
14.609787931670773,14.132112253573936,59.3981166050222,995.6737644967051,15.339604621396916,6
35.49312740500899,34.58803681788055,49.113955800825664,989.2976722695513,20.717373556100046,9
24.42084724049696,24.884625433001094,55.42312846882856,982.6814195185725,11.103976807812508,3
25.23671155310141,23.61205832000657,34.605633921090174,1009.4321834858031,11.27978201384599,0
19.07687044360224,19.878443581607964,78.56341472573607,990.883293803297,10.546459809187422,13
30.17328224869387,29.236222352051175,33.786754114610495,1002.4740982592714,8.39803204059766,7
18.187103691120008,16.854016663995147,28.22512881486613,1005.7489905324172,4.506788400459402,15
24.98820403636359,27.203367652163553,71.57561980971379,986.3710391679699,16.202948075520865,19
19.381610118158864,19.20773826267121,35.0751497998226,1025.9801709710719,4.9914921662244565,13
26.168792132699448,25.647284410925227,31.26022054395685,1015.6197014236461,21.579683709201404,10
28.992132316749185,28.80285831742437,35.8500723561355,995.3646821621146,0.08459966434943567,23
33.55546122980278,34.0731718809395,54.63781661203824,1002.5311712554085,16.28690219822675,10
32.58286145446963,34.783197539105515,84.0231518160634,991.6525049262308,16.986183395414947,22
26.847956504100527,28.476674398484313,72.08346158600044,1007.9920547791996,8.580754374188787,19
28.50813357944134,31.887216259897414,85.7124921795883,999.0573826680526,7.220694500776947,21
32.74338671513942,32.37068376069122,25.947640292262648,1000.4923836559175,22.257729944364108,18
25.924396549142667,27.908084701567056,87.31280095781128,991.2520199522099,3.5854653059068737,20
29.98878868423095,31.916269045705015,88.44975854512472,1010.1653939194472,16.614485700225995,12
10.548791600506412,12.177319169894288,78.30958969871003,1005.2558359235337,4.234978140815182,22
33.55237428898023,33.69220064911177,52.539834656928946,1013.1214986710676,18.348411368332105,7
31.354919573930516,29.81487790720958,22.647409558642472,1007.9361704106276,24.286926756756845,0
13.240902102439108,13.274343574854353,47.932831643381284,1017.3882638570016,2.646975536845056,22
34.24209207693726,33.64811610080216,62.07578657752509,985.6980990679076,11.131977920931115,23
25.958168445827084,23.434890073448074,32.177459413233706,1014.8730633613363,2.091585251279579,6
31.240928745262128,33.22019901719713,74.80539209179071,1013.8368349339943,10.925601902466822,18
31.514466081094447,30.353142139779045,22.822766780466548,994.865029961282,16.50469993744646,16
9.393423876996462,12.372948420541743,85.20745344086833,1012.9417350179419,14.286214143701967,12
19.726054508914796,21.34473853459098,59.54668253567313,1000.3439531312335,0.4397479053131148,21
21.117795043664852,21.46078560328595,53.969650197713875,1000.2327708952333,3.4710410636996314,14
26.99561359182481,25.023637113442977,24.07174311046473,981.1343421091224,3.4731869978215704,22
28.56070286188475,29.997902134329735,53.612846068332146,1005.6826335910665,18.752101873716555,19
32.08865072059668,34.24309081994942,78.8949739913639,986.360205966889,20.455932175480747,21
31.205436804654294,30.00891269555904,57.58014025518328,988.3550043882817,24.966197123355517,7
25.124888581693817,28.108470428218528,72.42993121834698,1023.6398162539722,16.302849465593706,12
31.125899453947607,31.161307293362956,70.47382626285103,1014.915666197028,2.417242908443576,8
9.993129930394064,10.095498066464577,32.518874795545955,981.7491244154031,9.04040853204581,4
26.758932601451768,25.107824556007994,37.8502556750753,1019.4502442280348,1.8896273101361827,8
27.77292770070406,26.305606488636812,21.640306875717176,1015.3568758967843,9.061496215364013,22
12.441784488976761,13.293219336364048,60.465047140868876,1011.4372612914035,5.343028820550436,13
21.233876572822822,21.68503778124674,52.04352288928939,999.6014767401796,20.923483957276254,12
12.030509081844185,10.51461235739506,31.584984226455894,1024.3036983547763,1.6888710863921768,10
12.24130600585629,13.57502806664316,83.7710989985454,1024.4296247311645,5.193252055044454,1
20.4321187221244,18.422394794277672,33.53374635284365,995.6867629422327,5.863271799631856,21
16.48198277657375,18.075683643852347,62.42105017356102,983.1913017354857,4.12871780274936,12
28.11567367492967,26.4461326150759,38.763303116504645,996.8184355941855,17.433951670844262,9
34.05658602908306,33.35917536922537,43.95578673452332,994.5636261127869,3.526242256246004,23
11.799360587632494,12.878654459880028,51.76276321752475,1001.5807758686175,10.076888567505701,17
33.06920187684688,33.259960504233135,68.75550284338223,998.9543361524426,16.302771430468205,1
33.47540613486325,32.560325832152586,38.4272322381381,1020.7105449191434,19.611536672334477,10
14.078458626902362,16.922612184445224,81.70400737122374,1001.327642712082,18.263300525134056,7
17.060035909235904,17.8943287812374,45.70216701019045,1028.794666894795,12.047272151437113,8
17.717631877026772,18.924560736716597,71.92645326723205,1024.452105884508,19.321123605866713,2
26.944513403754847,26.695117080660165,43.69878192059359,1003.6547269049687,19.269317205265178,8
26.362983835927757,26.841135436872694,73.2531515870865,988.5116516219165,4.597801280820627,14
17.673371805658817,19.732390351049414,74.02852246610769,997.695291312843,6.632659253010472,5
26.535328614552807,24.15451728062677,23.357041270589136,1002.9719373309189,22.738789769377533,8
27.147097698891624,27.276395318481544,32.15005009060078,991.7272050374027,3.3417562216175534,15
28.84279933605775,28.771776694787434,47.61355735872003,1005.1319902487768,13.23707205948485,18
9.370917119467064,10.109081741257727,42.7906792763308,983.2097742998907,11.546611475004239,0
17.543396177943883,19.540412477728374,88.10260725713864,1016.493700632132,6.025743308398143,1
15.123910382822109,13.931830204492885,34.66634570187725,1014.645457578404,19.01330505261091,18
9.44235105349542,11.584374261819194,84.07029582654917,984.8123245570358,5.276397231671265,4
28.872888396170367,29.037765792936806,26.200483774565086,984.1463576254863,24.477804243620056,20
29.793850568494825,30.565014016491457,22.755331587381065,995.8298174206324,17.440870570816607,16
14.806877491917813,13.712669541092021,33.824039715642265,1000.7345077082894,13.644437135140263,23
10.622303087967747,10.92217368386332,81.58864235590275,1018.9909337811572,24.98647667966005,14
10.31591908831243,11.13962894871672,70.88859099420708,1011.5377499020384,15.257694538502397,19
34.294684192371804,34.300133240788426,61.073753549121385,1007.1946848246321,21.203407232579455,9
11.962751374411402,11.464132632113346,26.168859865039042,1013.3803614863501,15.89127677897347,23
28.336316030143415,30.449175602976556,54.226564850691645,1006.6978273467467,20.855960741016,17
17.34650067962269,17.162988723178074,49.71449828735746,991.2993382830746,17.02942740176319,23
18.966782915758465,21.45751603821641,81.47767274126426,993.8882024738627,14.318831481204064,19
18.45239605216489,19.432951349079822,55.94041479880741,995.4886242362024,12.104106184800045,16
12.784072418749593,13.633167310512603,81.34197789408562,995.2289973543625,7.165921321206517,9
14.235452002509938,12.445854016275037,20.432867584862766,1022.9406957337428,1.915090407842751,7
17.497368568037245,15.7845159094212,35.0010050626015,1027.5516462374303,2.102541778290151,2
31.63384359964399,30.059900763840812,27.40071923017944,989.5374131852901,22.77923961287553,4
26.82078037715766,28.361098301889786,83.4094572999514,996.1594892415897,18.345752985536397,20
29.23650911776882,28.51921544385511,55.88306708722399,982.0986363121752,7.448935723958977,10
17.97871294232099,17.23111929931636,52.842424726494016,1013.951858271122,9.27982466621311,3
17.78500170703049,17.759048973089342,30.96289704248549,1010.6156692423461,23.086900945459593,20
27.26737656610046,29.62541359592642,80.9017447864116,985.5177528278938,22.36395007193457,19
10.162672738729269,11.675413443780249,65.61758564148988,1027.2868979701148,11.54952064166025,21
31.7046917301335,30.25283486697952,29.0349872851617,1001.6166949939333,15.207985035001679,7
16.388920396847517,17.215763831006395,51.3580159467533,1028.3929962040709,21.308752917095852,20
23.279462311165947,23.588821527849714,88.59688131507949,1023.3873695040866,1.5152589279453372,6
9.932045233091795,10.386415413221686,70.20833131060294,993.3351715318607,3.8965091896769275,7
12.393756718902178,14.332358001771144,87.1210311233287,991.174715712792,5.828682590452164,10
11.433471112884078,11.844914118384972,43.0565488511453,994.732445153125,18.39868004308056,15
21.999352159773796,21.598312167208405,61.004478965173334,1017.850593387368,8.472047156216856,9
10.840807786208073,11.174149169376376,45.810760882959215,1015.1198071270213,12.110636770859976,12
18.08063281736282,18.980218674567258,61.0327647861839,992.949922726405,6.544750027567686,14
34.0158494190034,33.02104706543431,39.703411171564355,1021.6604728455131,17.88383031250514,22
16.32082788344938,16.171425689893322,45.419281318162355,982.9989636095759,8.601019715368196,3
21.497035411804166,21.215265773863564,40.430702392547985,1025.7465950885148,1.0174948813451907,11
31.802536277479625,32.73131736092481,31.966142549731007,984.4508062366948,13.650168788339686,23
11.501945641153728,11.299733799442688,55.971308434476356,1014.1389750097065,7.6434368503655925,22
12.342825060088574,12.614196008360006,25.82803606354425,986.5918308901757,22.7095636842816,13
27.51545574717442,26.781770630728314,44.376144779515805,1000.9496842655116,23.288295035239475,15
19.108177907335257,18.74258074364624,50.32756526163195,1029.7406514651886,22.065140593221038,6
32.7528126791444,32.34731457627394,50.643553849168995,996.954380663134,2.9260370672110874,1
17.774485106571202,17.36122230173964,47.0235654956285,1014.9513707021048,0.8296907556250371,0
31.934319371493324,32.00786905372318,45.70943908964965,1018.1115394821085,5.749740332286132,4
20.16826736038342,18.954067950821013,25.269510165617152,1000.4735370944388,16.76814350196808,5
19.131998264626816,20.723608335753607,67.41392922570614,985.0165526606035,8.960055967345415,22
22.155869515932068,20.97837271425546,22.73044945339727,991.2375019088679,8.491296125423887,21
21.422111079719343,20.9742855176409,43.507145524907415,1028.820661119203,24.834746968476704,23
22.09915545911496,19.98796961467337,30.015697679211975,1029.7760114132188,11.82289927446144,18
24.205370134434414,25.038846982495603,64.87042401244909,1013.6710400123435,9.295024942932198,21
22.572739926040576,22.39689337696927,72.94170678862058,994.4074744516688,23.256357999626402,8
26.520239010433745,27.081200707241145,58.61815774645232,1023.0886919894677,10.215124268081002,13
20.680225415083342,18.470587060570185,50.375467474196164,1005.6489420957171,22.553346711175124,16
16.290186014363194,14.585112746335845,34.82221034366937,980.7039831641446,21.21881166672108,9
16.18829320922702,16.133807854155275,75.78632528109522,1021.3722867989807,18.527144943455493,4
24.584426145036666,26.990508318377696,70.33159743035208,997.9581969316977,20.403139341348847,20
31.286365890015844,30.934176994253768,40.6451795062705,991.7474281416696,9.319426144732168,6
33.05782276552365,31.71169939744782,27.66376562482958,1015.8398858349685,22.249937064528304,1
23.991371280032617,25.807053840940995,76.42677235725232,992.7379397599923,17.77189068958856,15
28.63922430955379,31.359627334239477,85.48661159312,1019.9110590794006,10.332814035027758,19
27.692753453068118,29.06117396687171,73.39593370130638,988.4856708197456,16.712829536695544,18
11.170012540401082,12.215117849241977,31.6780793465184,992.8370800670775,11.39283412892071,21
19.324281639789447,19.304331381172428,56.43643735490602,982.6092495983181,17.478470742519978,15
25.914366757850093,27.105825662803923,70.93417963897821,1008.1355771671101,21.7212687950291,8
21.829929169978264,23.640419732898373,68.64790931850331,1023.3852729883343,2.0601108646011115,23
17.57039153189294,20.659958920040562,75.44021882911372,1016.7557912420198,4.0277476296458286,16
34.10089225730386,33.11734045696407,29.358695807960533,999.3949264475865,19.368089832614004,19
13.076414888688017,12.534322438828978,27.649561175771193,984.9433169228007,6.327110080535673,10
30.48310214683825,30.42820355038963,35.38059250772778,1026.0443078915098,4.669210406750221,13
10.861931775319162,11.143550845312822,68.43491542866144,986.4114973651887,24.85154958457776,15
12.82873351910829,14.789823643370644,75.31819327591856,1023.8423999125728,15.337867067937813,8
15.269786307753337,15.349866967457839,44.357806630865156,989.1781454059955,2.6172392070913624,23
36.01060652603237,33.891287455743836,27.955222708770357,990.2400762469583,16.988796557129625,0
24.73003352356791,24.83053925268461,53.140445351583416,1028.4306907672965,16.58610984097415,15
24.77220719831999,26.290994011931915,68.49608390409361,1017.9222978499932,13.229077523891561,20
16.88364053771872,16.637410185726807,60.138113812839265,986.4568202033167,18.58288734138178,20
8.577702986564397,10.478224160932175,82.84570644744181,1024.8602065465896,21.315560936902923,17
25.62167725803031,25.815547328348703,28.143220899328288,1019.7790124897164,11.241541577823064,15
13.813909179690897,13.330248103415718,69.14680318656437,1008.0949051500713,22.982460959441863,7
30.877460486513673,32.70046363554156,59.55516540360737,983.2568619335448,20.72878507887883,11
31.589047618142565,31.83946560266943,49.49106171433552,999.4774582240761,21.790919263001378,3
29.560324221631795,28.539152711670738,31.796025042142894,981.6327517297101,21.756041456175048,16
35.04575636458747,34.429354605532936,57.66847070278692,986.6699617588745,12.037341963734857,7
32.46675302723952,32.56382266698917,87.67139592745757,993.9356857570574,3.822221141119908,22
14.669879784704268,12.832587618186604,22.86847555749233,1027.678611191758,11.223167731722361,2
14.648900632799075,14.291982146207587,47.257284576681144,1001.6540101801065,10.158186826168134,7
18.174834254867378,19.699668998671736,69.98833986474412,998.3333588937317,15.707330712038816,16
24.336191627704146,25.635836254164836,79.43241592984312,994.2280419880801,18.341101631564165,4
34.32676563891891,32.111968189918976,42.970302636054804,992.8783862824758,13.265931416641305,3
13.163167584450552,12.634123056271411,43.2883125784869,1013.917531472751,13.066085828278725,22
30.530227365046425,32.39224860666541,76.90498837757559,980.9652208358933,5.751815527592585,23
13.454560250351145,13.494309415657238,33.802808737764636,998.6234469456055,11.983131944287887,1
16.72739194128097,18.65864985914903,64.61115095766168,981.2816124942211,7.442996201462923,11
33.675020568320235,33.36090067013786,34.82587049170519,980.8939242017409,19.678071573486047,23
14.821429568854223,13.650525482424063,25.496903015910096,1005.2019003814379,0.20131554063202994,11
23.996046211943018,24.765945849865943,77.52610214779402,1002.6051102882158,18.873170915942367,0
21.881829415811325,22.969765543584153,62.2249143469653,985.961428890893,0.6871298707342738,11
31.011934967513646,33.7861206415773,79.31485377365568,991.7514393559067,3.9397580539117154,0
10.856947451738085,10.917080072264948,58.253345271776354,990.416347343002,22.094436455214662,11
9.029013480529981,11.150066050543819,87.65909075663808,988.320714215547,13.129394748355603,2
37.04265927893816,34.762628550016835,29.761516534361213,1024.3188192312198,3.7399414036889596,5
13.043187277783058,11.217371209998245,38.618184525787846,1012.2541345983393,12.691499911280774,2
30.437989050813677,33.15148899545664,84.21442310547242,1015.7742089887195,2.1910594707435034,15
29.334421954732896,30.590590268724338,70.429124836464,1014.3800714460367,6.932271406710585,13
26.37198060438207,29.23057869595334,85.27527671681678,991.0796715219724,1.5560931539695233,8
13.686018587574843,12.578096720898316,37.07967116467306,988.5894554738884,15.570730924029489,4
29.983612200260616,29.005696497242162,31.81246068787607,1007.7509262102645,1.952607600522821,0
16.870548990093585,17.88225844576526,80.66169820168524,1018.7657876940189,9.764052560675793,2
30.041516405807613,31.767211386435985,61.13861286719185,985.1404280867927,2.4306104481606194,20
25.323008918002206,26.487769216019256,31.097531094994647,994.8671873770023,3.201962724621982,22
19.02098894548529,17.792776902235275,54.285010759176856,991.6066956400078,3.5827509068902668,5
16.15663559494119,15.921763974362051,42.64672296159265,992.6848414997905,19.07935964024347,16
23.607840996783665,25.87266647882907,85.12458239931475,1016.5280040448732,8.563554141483772,17
22.96447424138944,21.701726355857254,39.281267585335634,1012.2548722821326,12.202086929928615,9
12.69406417496114,11.545211517230566,48.266770367324945,1029.5232866030788,0.7656045559440716,1
28.338525775101573,26.582767737600047,41.840091427591524,1029.5235836173629,21.242826114509853,7
14.090462063953904,15.595440370565576,84.63002147097549,981.5198707405763,8.447535644376577,9
24.526334094770753,22.760812225105806,27.900070129893358,1005.8169909419163,13.630276970435004,7
30.346388174067684,33.178094546611234,64.81756404665934,991.4209228415968,23.271827322863007,20
33.716386696403745,33.59039800418997,45.670533601565936,1025.75881685933,12.92620886725333,19
14.65307256917374,17.351686554419445,84.57492274117521,1018.5244679250649,15.75130505374071,14
17.730756132277165,18.3114039287178,48.73533749438496,1013.767731350433,23.92766382140081,4
8.761831394703814,10.583802408204647,68.30527479321584,1001.7210069059165,4.467323807157833,14
22.866685489849715,25.197627319836116,79.81608051375247,996.9786570604085,5.372410839355796,19
24.897429594118673,23.38275328631479,40.118177369183776,1006.6669057446286,20.20296887463303,20
20.00580346785324,20.337913257248978,37.14674558561693,1018.010281226458,9.695527218121905,14
10.403103342307825,10.342060369017027,40.22559116603078,1008.1351002685534,16.533705157797993,12
10.094040137304669,10.302711880872186,56.87720162352894,999.7538162694096,22.55385471632279,13
21.24134850963836,21.85434572718313,83.6716773777661,997.5235101158964,11.741208910067305,6
15.319100279666715,15.931227187420001,62.57479637365127,1019.2030889914239,13.485662864405908,11
10.678461421644483,10.872788816405595,54.858341181117524,1014.388651777274,13.209974585037166,5
20.863397257280095,21.565573918482908,65.16663511873321,988.494333740331,18.294300627174685,13
30.817042799485485,34.247746304049855,69.46228902959524,1016.4516871414747,4.285805111867952,18
12.279200464406186,11.506684757239022,35.79652081364385,1014.2927246200746,4.4426115299203515,17
15.524968770441108,15.953666341642409,77.90107038993364,1005.6368235142612,21.26501370753892,9
11.283060748670444,14.005640024412656,82.54742084489058,1018.1690629891781,22.602042713532704,22
9.100536315823152,12.424141774135618,79.09467100433625,982.0069694082705,11.081433533983361,14
23.091487241626563,24.29364957859372,59.79305415097737,980.504520251094,21.907650741669848,20
21.91229061516056,20.91535474421915,42.1462785171378,1006.0711021174162,19.805397595119366,15
32.65002198003739,31.936751166362047,39.63242569432567,1006.1036785568666,2.384345197450688,8
31.42150258975196,33.891236681662235,80.12904737224818,991.2086138373451,24.768097763844445,13
26.042933208852027,25.197630352267595,53.76493460079271,987.0161759883913,15.335656538030799,7
31.39060957095259,32.652775053312425,57.96099829347554,1020.5703751350328,24.74837378657499,19
35.349137623308614,34.17113749498213,23.450976368641896,985.8272304999316,23.020164675195304,12
26.1978924955406,25.91026028159451,60.432915644599355,1010.8778656604809,1.4420821145885943,7
25.38496603746695,24.085209112096354,26.69830812406008,985.0786071822331,1.2542210874672166,0
15.687926383687039,15.391878809942929,22.87576554688887,1025.2544061694132,6.1450964069466485,18
9.763979949498383,10.414695723196404,59.57911578267766,986.9959488613497,2.7138839443162115,14
30.2997098982408,28.888778463576216,26.964626821107526,1005.5951060634812,10.477627157167666,1
8.341068732647825,10.642241121735204,71.71446202430184,987.6815760196633,4.43034770672735,4
31.49468320608523,31.55507434145472,39.20888421449772,1022.5226458891896,12.676088423417742,4
25.371209646694197,24.339082000667748,42.759304988018506,1008.9991660226042,18.983089214460048,9
15.372079872473876,17.408145047495,83.1571936167362,1017.7937075589193,3.778349996222347,9
15.805289375904911,16.325658523006332,47.49145799569593,1003.684556614535,11.198550282059653,21
24.258984694553234,25.295775502580536,77.19714931018305,994.8558579063921,14.484090433163683,19
26.368850674911613,27.44581963762925,66.02110290242254,1012.300514547335,6.170293628850904,22
21.868636906475317,22.764260218212588,46.982930428981476,985.9920330770602,16.312749819668827,20
18.709419082864393,19.71693224223705,85.30073830886431,992.9079083829239,0.4215717520526102,12
29.60360791053874,31.71557919889027,84.38548002456054,991.5483174108016,12.525514300390627,8
26.67581590028993,26.557843468268,21.29672037221691,1000.4493251866917,3.3137194776218597,16
23.740165519424586,23.48728230938343,61.55026780900086,1008.7214241501572,2.7399467583781756,22
25.66293028846614,24.46231270573325,20.003697885260777,1028.478602591828,14.343606063614661,15
14.473128426400388,13.682576106974258,62.969216150540696,987.5368496515584,16.018333982686137,11
27.015093779866532,30.090088386038378,83.52242234424979,997.4497467650956,5.530883697947553,13
22.21451321043688,22.146793979658142,24.666188087631426,1008.5193049788113,13.861380696665982,15
20.920255980567,21.727680276189467,49.70723126507573,992.1684856703188,8.29443772511618,16
21.932656440810767,22.236319006939077,73.22800471012378,982.65603120995,5.274232242792484,2
25.68579597319291,24.974462704430263,31.403185813417583,990.470990840014,20.497053281486192,20
28.38447401089203,27.39371722461543,40.57417323534536,1014.7335864798479,5.289553364262284,12
33.15714964511716,32.78347975196577,51.78676153642756,1024.7357052377806,14.09146749087538,2
13.78528670179187,12.004668920302832,29.727193367424135,1012.6782576340551,13.785111872647516,5
27.914095615392196,28.541036295901055,44.115412537584426,1028.4331456573368,3.3807163529513073,16
24.26435423061734,26.909026696818103,87.32337348418281,1016.461775473418,14.896651338214914,17
10.066128669770753,11.424468174934207,65.93022642932095,1010.0538399503197,2.920307920303067,20
26.634003857872873,26.542107209996413,40.90705101712848,985.165023890664,19.915011412459425,22
13.226914365995217,12.452064519606115,31.48445117857346,1008.2644479976991,4.427914216959325,16
26.478172238558074,26.84985520364326,52.95336746713221,1021.7127751792586,7.322641887083988,12
12.665952633825466,14.753219157967642,67.30681450199131,987.0302902038263,14.928109429438729,13
13.872298400466251,12.922451017709102,37.0530354387536,1001.3221902857151,11.420408155157997,8
15.672533048060542,14.37807850325883,31.27700162794956,981.6779590823626,5.499505122454537,11
30.90568436441739,32.37794351766341,81.23229514422823,1023.5405212387809,14.71109569101308,2
26.786131353697762,26.21913465398465,41.68357199000324,1005.00740415822,12.362561369898053,22
14.770489889120796,16.48941123187623,79.6777118599177,1001.5682728194001,13.359110721484482,22
29.253939380691282,30.648307713750405,65.58383984667425,989.3166738172204,16.935867111157513,14
29.565247297458885,32.388080712405014,82.68890186117196,987.6556722886099,6.264282285553696,12
24.142153828449256,23.336527299408036,50.10999124677784,1017.5261990348374,6.670094552306283,0
22.76399450251785,22.949013192814473,45.67264534981581,988.3807128073315,18.36231001527627,22
25.709627128885213,26.120815100557845,73.88406151699098,983.5903772722735,0.4681178448597667,0
15.339435728743872,15.651976775264067,58.739939055094766,994.2348984443778,9.352628373907661,21
20.10512947517276,20.688525458963742,38.368586354251136,1016.0408158237458,13.976532194131291,13
34.14055269082992,34.90834790141855,55.60941889513867,1016.4886318668079,23.190355878701414,18
22.364479721612156,24.458994077913502,63.83713759341231,988.473335444422,15.581474392319986,9
35.94881353952851,34.52859329479555,35.35242808479674,988.7178353825436,11.678077317328487,5
13.56736302148029,12.545092073738422,54.6957744618273,996.710764668538,2.251846573672278,4
28.60662008578651,30.430555005030396,67.36320634867545,1022.4566123994256,10.592254466512427,14
14.905200305498488,13.847497617344342,50.52338085808115,1004.3470356619624,1.9872937088171865,4
20.320353486573655,21.44989397508929,72.376716432663,1025.3558709590066,20.964441659285622,10
30.884048638444025,31.49486687029114,35.50690063316569,1018.3355837210358,20.72671615540227,11
24.348220829695883,26.274336678773853,82.97287425606206,986.1940282647781,17.994035325483303,5
12.061624601612092,11.508802099764095,22.050961017239285,1027.3543773487777,14.862459143743964,15
12.267482108823085,11.286968781249733,63.64537178731361,1022.8975972701168,23.459125379756486,0
22.99905616635851,24.810364221551062,70.82593960386953,1012.6950573184629,12.187556965506996,1
19.717774251935534,18.56827313569768,48.34375699888908,997.4712556346894,24.2699537318168,4
10.411830594767741,11.417010804145885,60.567545840498674,1029.0805327821217,3.57219835480668,7
16.566930987921324,16.601549617342968,51.735942392291015,998.616890919269,2.6297071219742922,13
22.136604743998465,22.690259467111375,67.84005906100893,1027.7549278082843,13.261575001020384,5
23.194272036094198,22.917459630656694,33.56019355434085,997.0054468251434,2.0407912462834576,16
28.582944690687214,30.524525432478523,88.15844943951392,1000.2760577601767,5.169909158940161,17
28.874686310645252,29.336828142165015,59.007628332288746,982.2197632484664,1.0193318585342865,0
14.575137662405902,16.017317795812623,33.55366668568225,983.1516826249881,16.965675124706298,16
12.848781976953571,13.009089405249652,29.686499377934286,1028.466506267583,12.463153103659948,5
22.705379878289,22.768682564439143,79.6433891063285,1014.091651601643,8.559544150229708,13
32.28056630791486,32.35477186660296,60.71121864948287,1012.8113995204403,19.353366467685678,12
25.864938400413568,25.68322337726695,68.07290041973363,1029.9151577866978,18.161638844838283,8
7.245719680977256,10.161608944742763,85.03146200017608,1006.2055770613478,9.63507796295049,12
10.963732690024289,11.295588420560673,44.818374618002515,1002.1537966466724,2.9811227829815294,4
13.556439792752021,15.607963971338156,64.62117651025315,992.9253126073907,3.0797972010707553,3
25.75170569266046,26.786978716680174,56.71054421004246,989.3004215927998,21.076085916792586,15
20.77972603170149,22.40646882205904,82.6570020346371,991.881060878021,3.704443258236842,12
14.684642000066244,15.512190985368731,78.48403089503073,1029.1628805480784,18.42448989302879,9
24.39305872688073,25.48969887244574,66.30263437265563,998.7620566248457,15.148754325192776,10
24.058206003137183,21.542903595327978,23.9992903540331,994.6164757921317,9.207912640653138,6
13.256671701079405,12.779937057653784,69.28220168141598,1020.7209598607337,4.854051935362741,7
17.02856668285627,17.062401649321306,45.04888110490732,1009.2468059169524,12.854704523025282,20
29.53975509309209,31.265401446028445,74.87802953539126,1011.1753904978111,12.744241837476226,7
32.043979301654105,32.30211722350586,64.5273944250533,991.9744357285065,16.218337061134953,1
11.376980522025399,13.287227997449541,89.25446598294275,990.7771642552273,18.13276438851751,3
28.26100486219998,27.25987071573413,52.151258174915164,1023.4378615268294,13.815864545729847,2
16.398633431044477,14.662962759996356,29.12471910302859,997.2280953993937,4.899468062291692,10
12.394329092561334,14.106644948274823,77.50298769433336,998.2076409552303,18.977274034900677,21
25.751069663695844,24.613577831486456,33.95665733074389,1001.2677637164342,23.831909769468247,7
32.131513536631445,30.54577366463398,23.61799759377923,1023.6318343845599,3.893673296336106,9
32.927230138359214,31.98954637378823,55.258423286621124,1000.215621560988,14.256203123684989,23
26.107584622026856,24.44517625627712,34.8201744923376,986.7437423204024,0.6360225283109838,10
23.778337742469976,25.28659028064152,84.95304409034189,1027.3001096669525,8.994086542418161,14
23.887608511873022,24.057420396947744,53.95510363998868,983.2596401092345,10.57795493869326,16
13.965686425899753,13.221993047766231,52.83174578025184,1024.782561520096,9.914092919927024,15
11.786741896313465,14.190480407207941,81.77088339433072,1002.6282251717791,19.89319287424596,10
28.894543975056454,27.613860700686132,27.05269907717034,1012.2358418907371,16.849531807913767,2
14.197963782130843,14.143704424130517,44.492682455317905,1001.9381110325814,4.304191136611274,3
33.19138642707689,34.145554028830496,59.9849042426062,986.5964912876906,21.288777926234182,2
24.052409586079598,24.573151420106576,23.6432087129292,1014.7483730302923,9.310668779399206,14
13.54613123539199,14.631921258338501,86.4378719821773,980.4277385059086,22.378678974293194,14
17.494195831359633,15.874335124898819,34.77046841952682,1005.5743384604417,3.7174829574387056,6
11.56895755413959,13.05095587111947,73.3548440819924,1026.0977815066376,13.366489168727124,9
23.84862329621455,24.823771285873185,82.28854758618175,989.9675064472343,23.7235032821065,3
20.52893704763125,19.510500187689058,26.005599942964263,1007.4625635688947,24.011993789024437,8
30.301756640804783,30.9260281310735,53.32396915057432,1014.0568849536195,17.99596153376225,14
11.096310620953817,10.049803380476757,41.93573861200947,1013.2538719999214,1.3039307713332309,18
32.56446499982608,33.5196130125777,77.58535490357225,984.1975830749892,13.337691562912168,12
26.23925588256879,27.67143359619043,88.07229730195316,1029.147246081011,23.294713576279353,10
15.024276425031028,18.130279906905283,89.04898129380223,991.5408892593891,6.244225321482882,0
22.225957711639154,22.06503089153802,54.42534428365676,999.2428131246527,4.0926454534604755,0
29.743352173635902,31.258700027997385,66.85697965689084,980.3922460620312,22.973368577762432,21
15.247740767492868,12.760796585277566,20.475172181651285,984.6606962946349,21.928967706751322,7
17.160679522311767,15.969905284538482,60.178262252221934,989.4678113840332,3.584391776705989,6
35.424485185811115,34.66598946252939,35.231155795215116,1017.9780916956954,3.9409008958245146,23
25.273702024944384,27.22719134370574,58.29893497982304,999.2204465457593,0.10934197752448804,22
21.60589522600031,22.117407178251174,56.9078604965474,996.490790442818,2.283191109133309,22
31.802582882281282,29.152898319889655,24.285166070050042,1001.3075774225362,19.477381395324898,17
20.705339134460388,19.31333184398877,32.50402137280096,1007.0515144531406,12.601775096416832,6
32.5077709568786,33.405306156092244,50.98583937823032,989.8835468437135,15.775354837613278,18
31.357947952729756,32.54404980338559,53.733011697698416,1008.0808079895728,10.88494075528999,15
26.802515310630977,29.236064485538922,86.9974967200036,1009.5046699744004,13.526773019965407,23
24.98545521805253,24.523759497204484,33.93576189795704,985.3952858611489,23.51866807694165,3
27.238387424666058,27.726512986272912,46.765433174313955,981.155342639374,15.862001829337006,16
15.774275085050114,17.019309061021396,68.42040798942821,1018.6545070808556,9.394872557201431,11
14.688125424758022,13.345709074992328,39.675171981157916,1007.8830623811208,19.4149620549172,3
24.220976076493603,24.85326788380338,78.4027357024579,1006.709494590431,0.16223803467493025,16
21.80771618130772,21.91092465859479,72.24196687983537,986.0875998823839,2.722040400779144,22
22.393174452123922,21.282352825731373,43.489004118766,1018.5774967643908,23.814649532935476,15
19.34783131979978,18.922149379277755,36.86973805971426,991.7821165999843,1.642260733516168,6
23.57247782577281,22.515089278867688,27.20623012902003,994.9532154804422,10.02524549432417,11
32.337326340897356,31.930013520327705,67.78698067239316,990.4965915836742,9.0782110711518,20
24.42107524700171,24.884159253921815,76.003808556596,1008.6833298774504,15.478788789358184,13
30.699246781262744,32.98020077634313,82.54213379169812,1001.6352457313275,23.75420851907734,17
31.085876328811914,31.429481424968824,21.97339383130555,1017.9465974307341,18.163154840248072,22
24.529439288224502,22.896547567808202,23.7404221673712,992.2913566316608,7.018798768658529,10
15.608014045056906,15.559032618704258,56.75985962387408,993.5234552808255,5.704183359514611,20
12.55312340860392,10.19603976929792,26.140234920397504,1011.0279597709499,20.33538535802172,5
14.825212950129595,14.54700210997862,24.623871547551204,1000.4571893958811,17.708973400966528,18
21.007875761913667,23.53240838252676,74.45365847239758,985.8026729692284,8.491960943230637,8
12.512333001240245,13.271841517958746,71.98451927771833,1020.8766207979061,16.80678769085481,14
30.872109525656384,31.99786566817536,58.641272060695584,995.1251980175706,5.093061548262886,19
28.425108891868337,28.74649828220672,82.35768920574392,999.9929347568608,15.17644981264226,8
24.117441202997945,25.061236049164695,85.15653706413333,1001.3707560093854,17.945744403522284,6
13.656061163743502,12.479452489680398,52.24077854862666,1013.733699601158,15.283825769378545,8
22.626213582402826,22.619889957613204,51.728324076810175,980.306432365684,21.285875946436867,10
12.186586062245294,11.24014770873707,57.23374878169117,1005.5754182382819,1.5787300476715864,13
10.64091044408871,11.852635564371678,65.10962187408717,1016.362115978499,23.940109277904273,16
21.825407753185814,20.53561376481245,26.940227859433676,1010.4379162564776,4.895626221378943,14
17.036683434641127,19.416911010736563,71.60593740748787,1015.4352144606823,14.956323262926299,11
23.93148214172447,22.472203836283903,33.64599382791119,1018.0674828101446,15.87487675552309,2
19.765129192943306,23.142254557567146,89.1609773445795,1018.7573038864298,0.6386850280401035,16
34.2405338798812,32.77065661715788,22.911716937952864,1001.1556715497893,7.911863290946458,13
11.159465468266196,12.845959836915036,75.25034582739733,988.6198071649226,0.028648765706407175,14
14.522387561687237,15.301120997705667,69.91100043032186,1008.2406390543091,8.402741155515095,14
16.327101530625384,17.66038623377591,79.12964169531038,1004.3978819895375,21.86448790968356,19
17.769653140407424,17.69489579201864,81.13740205364536,1021.8781367338162,9.1999915362024,3
30.473798675877653,30.76556901079478,27.313767671548426,1001.221694442879,14.527713042462635,11
16.912866910716176,18.058846124368074,82.70710120921363,1011.3231927627028,10.465129641797876,3
17.54545186423613,19.228404845230113,87.70492447657878,1021.4700110099468,1.59158333102519,18
27.55020595911468,27.665746746967738,50.491241060889635,1000.1866502052466,20.769818070976854,11
32.524867878723946,32.48936433186421,68.42443473993876,1008.9805449614142,19.480127868472085,8
22.037133800999932,22.24061155125612,71.8219121590766,1002.8447277491214,18.44809843697125,5
11.862201267680975,11.92645697835828,41.702381680871504,1004.2171451136062,12.878441836527516,11
11.60336882740459,13.082094482473671,68.08491917420118,981.9076802967688,18.10191054476008,15
33.16480095457407,33.761479264382395,20.644062833776562,1006.0044968802918,7.309314608256365,17
20.21035051904113,18.360029474718715,31.575929785923016,1025.784567502582,5.686452761823016,21
29.622922357034042,31.65159723751021,69.53344100183747,1002.1245656834019,18.111510581285295,17
27.103853857887344,25.582453170688947,27.431224748322705,1007.8476045832087,11.74724770103599,16
14.732608588750457,13.086246645258878,53.974142799409265,1007.2286045744418,0.5040345529473522,7
16.547526632698222,18.486254813570152,56.81626038310216,1015.4239126568417,9.214417345953441,22
13.528403098164105,16.21349552318565,88.7881767713928,1006.7967996564536,18.645026219150267,21
23.876185503327967,23.801179521299506,56.20905188280174,1022.9523164853329,20.90774687539179,4
25.38729894775752,26.938290347092117,68.63745109102045,1024.6670820913805,16.59283131300485,11
10.760594224297316,10.752596805282973,62.40316425512805,984.2832097023487,9.945389878056469,4
28.76937221282658,30.531253863992607,59.19182159038887,983.5588399431838,6.191252461865118,18
33.68852509620707,33.407015536723165,69.84055728387139,988.9764146246833,17.84728673320283,2
20.50133907549397,23.666205504694712,85.27107848641455,994.6417811230131,2.4484591345713986,20
17.543189134122706,18.965539548839786,84.95539408659151,990.2458016258,8.29958486358221,9
31.858166762046324,29.93238414448884,21.968505439454663,990.6966891400524,24.49229366089571,9
14.92678673234529,16.193274737528938,55.73220919425089,1023.6232761629269,12.203898902182726,5
31.9994750728215,31.249384287016547,54.33143677151649,1017.4763304403955,12.832339561487457,8
16.41269324502076,16.174469976799994,33.07407697617905,984.0016284882969,16.963550744768973,20
28.595659757052914,30.74354509268004,81.55751397650369,996.0005494623532,3.5526739958145592,4
16.79622431045499,18.337479292278605,69.60084820374776,1027.7318756680029,19.814679000839213,0
33.04453979257889,32.8260366722464,26.61236980607608,998.0403413122875,7.2866756024334265,16
20.807970755934384,19.492310204181674,31.519624090053444,991.50002262742,6.156643099519643,18
12.897103447008705,10.477902360744102,39.967103961473654,1003.4042030093823,18.48340489740002,7
10.059449454235333,12.836838031014727,78.06960819998581,1003.5250359544841,4.396447032904812,14
12.634098701900855,12.257244251360207,30.35708338765841,1025.7738440609166,7.464718907207316,10
14.164676193792094,12.535520711230413,33.08351075150827,983.4739992441766,13.629770727257412,1
23.689755074087895,23.960106243395128,36.71262397602169,1027.6245650217163,5.948104056124587,2
27.517818994801612,28.835698056424228,48.32576191539851,992.7615608459282,23.709093275537008,3
18.299397123917007,18.088260312137287,42.60307480045307,983.027612812063,1.2743017204722484,23
30.377633894373936,30.688092348845426,52.53948625928365,1016.9279749057897,13.009805649824058,7
32.247971506760045,32.37041640151319,56.69783043764157,1005.4438125704668,22.863219090921593,23
21.8187134037704,21.358635576691377,37.657698369861926,1018.0984872298577,16.50298610657826,21
16.496051479701464,15.611014295916517,46.33815305312954,990.47431113598,5.748129088639015,22
27.80503350326423,26.23447050591556,22.340658989276836,1009.9820072034483,10.503201974890452,22
11.995093657632362,11.498582521532708,29.6762460749736,1002.7467535898722,15.887075388662206,21
22.548750263437366,20.58337860382994,32.68526305295321,1001.8798871876896,11.343723848438787,10
20.082706837110287,18.765673280229517,50.24813657613505,997.115364241376,15.564772448563083,7
27.706854049321873,30.311845526104293,75.856023247731,1009.3182070661476,1.3332697459647243,17
27.166685391602797,28.549443237849648,67.05840579527963,996.7131687389605,23.78870284191849,18
31.2560820095678,28.769241230276393,20.646911188386007,1027.0609764372828,4.410667415060035,9
22.080079778428125,21.791237268764885,57.26171843659374,1017.858331270626,6.732112995217735,12
18.394178258870916,17.872961114722393,38.96742455098536,988.5216600939998,1.7192650492786954,5
20.188540319228512,20.83680581889086,75.17926457195807,1005.8400297345312,15.903413260703275,4
26.715665516729878,28.068443805970116,53.37277128558297,995.2879743571752,9.08458427491241,15
26.79398879671614,26.575680093078685,27.484390506587495,1004.9284608481778,17.355612229568138,4
26.780320672778213,25.16829311793591,20.01700541041589,981.1173394213429,4.541080913942902,10
26.609569155421077,25.293018655858805,30.816458099336327,991.6365120935027,4.215705272127384,17
13.630482822773633,13.754225020426041,77.81217584987702,1020.9106000685232,14.59030540352624,14
18.17515762162817,17.144588888146757,27.65491321766352,1020.2198223457601,23.2413219447639,21
21.290523152232804,21.2434960612635,57.34881034875056,1001.4375704170677,10.96023330898174,7
31.088059268042894,29.41776392387953,20.016870327959417,1023.4906182906961,9.528582882324466,11
29.46240910354123,31.049963822251538,83.67106865376441,1019.6108516577676,20.67524704117309,17
18.93118800589917,19.828044955176978,51.54077449712822,988.405127490259,12.575737019917515,18
8.72912863583064,10.633768585386438,84.8835293502105,1027.6717912378917,4.057020607850593,16
11.967055525722209,13.521425509494996,77.12397299800266,998.1696239716064,11.309354425582516,11
33.66185939936628,33.61840646957699,54.02402793318766,1027.224393992262,16.941844369201167,9
34.66474073641373,34.89336130128308,39.0302508708141,1024.7260621774967,20.61187615611255,21
26.259546296631566,25.89850817066777,38.92682647174594,998.0547221503667,15.42635615260525,8
10.955259910388659,10.614672911470038,48.17684488430994,999.4813008679005,19.252791305757135,12
23.32985258786094,23.531752773541953,89.90321234150693,1021.680377934412,19.703600349197774,12
23.3210218581049,22.11344987700027,46.15552074610889,1007.6470374094627,10.941309118110556,6
24.58707030681961,24.9357310643355,62.34585692384285,1026.05147580269,14.490713189578603,15
27.451058609745832,27.983840559228963,54.05096709993121,985.7025148852699,24.706178892256133,8
27.583193610834012,26.869657554185263,28.050765577966846,1009.8081398955338,13.975163474647253,5
32.746500217567736,32.76925404109788,75.62640246785223,991.6297318481925,20.812610000808863,7
12.461494641083407,10.130740338572819,33.97001311271571,1028.7436266715622,3.926472102478468,13
13.14775197930509,13.00522638426521,53.774514236936405,999.4561504807515,19.74779250557013,19
28.74765567039099,28.056314209826656,30.226759587892417,1017.445882023926,16.06854751003563,1
32.79416559901374,33.06248452943239,31.46102705154197,984.8475696313358,3.055854821363152,0
33.51370896082239,34.752721152171645,82.238354900921,989.4666876748536,1.9369516490932632,9
10.716628339897229,12.103191556484571,80.45039021974021,984.6746180791995,10.26510167872281,6
23.725015648489443,24.94749947027713,50.537221845001014,1006.2467042121734,11.79417877874559,15
29.97433790690411,29.65514130652645,31.314638564921427,1020.7503888491879,1.6109406388173069,8
29.136679504418577,28.74944496130177,52.37197719456036,1017.1932640444086,23.99962270594188,17
24.3805194133351,27.39045366242017,85.40875561998503,1021.1514154397883,16.539550534389832,20
16.716008536453902,17.79698589409313,79.1657890712518,990.5760258872114,17.832043059555904,21
26.860219438804645,26.94308103003301,74.76770660511214,1024.0624764161303,2.804964111764102,12
14.681182790251041,13.422140751720182,43.6954815597831,982.9066895513414,5.93807604620172,10
